ISO-10303-21;
HEADER;
/* Generated by software containing ST-Developer
 * from STEP Tools, Inc. (www.steptools.com) 
 */

FILE_DESCRIPTION(
/* description */ (''),
/* implementation_level */ '2;1');

FILE_NAME(
/* name */ 'D:\\Dise\X\F1o Mecanico\\SG90\\Part1_sG90.stp',
/* time_stamp */ '2025-10-05T22:05:34-06:00',
/* author */ ('Zide'),
/* organization */ (''),
/* preprocessor_version */ 'ST-DEVELOPER v17',
/* originating_system */ 'Autodesk Inventor 2019',
/* authorisation */ '');

FILE_SCHEMA (('AUTOMOTIVE_DESIGN { 1 0 10303 214 3 1 1 }'));
ENDSEC;

DATA;
#10=MECHANICAL_DESIGN_GEOMETRIC_PRESENTATION_REPRESENTATION('',(#1470,#1471,
#1472,#1473,#1474,#1475,#1476,#1477,#1478,#1479,#1480,#1481,#1482,#1483,
#1484,#1485,#1486,#1487,#1488,#1489,#1490,#1491,#1492,#1493,#1494,#1495,
#1496,#1497,#1498,#1499,#1500,#1501,#1502,#1503,#1504,#1505,#1506,#1507,
#1508,#1509,#1510,#1511,#1512,#1513,#1514,#1515,#1516,#1517,#1518,#1519,
#1520,#1521,#1522,#1523,#1524,#1525,#1526,#1527,#1528,#1529,#1530,#1531,
#1532,#1533,#1534,#1535,#1536,#1537,#1538,#1539,#1540,#1541,#1542,#1543,
#1544,#1545,#1546,#1547,#1548,#1549,#1550,#1551,#1552,#1553),#2724);
#11=SHAPE_REPRESENTATION_RELATIONSHIP('SRR','None',#2731,#12);
#12=ADVANCED_BREP_SHAPE_REPRESENTATION('',(#15,#16,#17,#18),#2723);
#13=SPHERICAL_SURFACE('',#1794,1.);
#14=SPHERICAL_SURFACE('',#1799,1.);
#15=MANIFOLD_SOLID_BREP('Solid1',#1640);
#16=MANIFOLD_SOLID_BREP('Solid2',#1641);
#17=MANIFOLD_SOLID_BREP('Solid3',#1642);
#18=MANIFOLD_SOLID_BREP('Solid4',#1643);
#19=CIRCLE('',#1689,0.5);
#20=CIRCLE('',#1690,0.5);
#21=CIRCLE('',#1693,1.);
#22=CIRCLE('',#1694,1.);
#23=CIRCLE('',#1696,6.);
#24=CIRCLE('',#1697,6.);
#25=CIRCLE('',#1698,6.);
#26=CIRCLE('',#1699,6.);
#27=CIRCLE('',#1700,6.);
#28=CIRCLE('',#1702,1.);
#29=CIRCLE('',#1703,1.);
#30=CIRCLE('',#1705,2.5);
#31=CIRCLE('',#1706,1.);
#32=CIRCLE('',#1707,0.999999999999999);
#33=CIRCLE('',#1710,2.5);
#34=CIRCLE('',#1714,0.999999999999999);
#35=CIRCLE('',#1716,1.);
#36=CIRCLE('',#1718,1.);
#37=CIRCLE('',#1720,0.999999999999999);
#38=CIRCLE('',#1723,1.);
#39=CIRCLE('',#1725,0.999999999999999);
#40=CIRCLE('',#1728,1.);
#41=CIRCLE('',#1729,1.25);
#42=CIRCLE('',#1730,1.);
#43=CIRCLE('',#1732,1.);
#44=CIRCLE('',#1735,1.);
#45=CIRCLE('',#1736,0.999999999999999);
#46=CIRCLE('',#1737,1.);
#47=CIRCLE('',#1738,1.25);
#48=CIRCLE('',#1742,1.);
#49=CIRCLE('',#1743,1.);
#50=CIRCLE('',#1746,1.);
#51=CIRCLE('',#1747,0.999999999999999);
#52=CIRCLE('',#1748,1.);
#53=CIRCLE('',#1749,1.25);
#54=CIRCLE('',#1751,1.);
#55=CIRCLE('',#1760,1.25);
#56=CIRCLE('',#1764,0.5);
#57=CIRCLE('',#1765,0.5);
#58=CIRCLE('',#1767,1.125);
#59=CIRCLE('',#1768,0.5);
#60=CIRCLE('',#1769,1.);
#61=CIRCLE('',#1770,0.5);
#62=CIRCLE('',#1771,1.125);
#63=CIRCLE('',#1772,0.5);
#64=CIRCLE('',#1773,1.);
#65=CIRCLE('',#1775,1.125);
#66=CIRCLE('',#1777,0.5);
#67=CIRCLE('',#1779,0.5);
#68=CIRCLE('',#1781,1.125);
#69=CIRCLE('',#1783,0.5);
#70=CIRCLE('',#1785,0.999999999999999);
#71=CIRCLE('',#1787,0.999999999999999);
#72=CIRCLE('',#1795,0.999999999999999);
#73=CIRCLE('',#1796,0.999999999999999);
#74=CIRCLE('',#1797,1.);
#75=CIRCLE('',#1800,1.);
#76=CIRCLE('',#1801,1.);
#77=CIRCLE('',#1802,1.);
#78=CIRCLE('',#1805,0.5);
#79=CIRCLE('',#1806,0.5);
#80=CIRCLE('',#1808,2.5);
#81=CIRCLE('',#1809,2.5);
#82=CYLINDRICAL_SURFACE('',#1688,0.5);
#83=CYLINDRICAL_SURFACE('',#1692,1.);
#84=CYLINDRICAL_SURFACE('',#1695,6.);
#85=CYLINDRICAL_SURFACE('',#1701,1.);
#86=CYLINDRICAL_SURFACE('',#1709,2.5);
#87=CYLINDRICAL_SURFACE('',#1717,1.);
#88=CYLINDRICAL_SURFACE('',#1719,0.999999999999999);
#89=CYLINDRICAL_SURFACE('',#1722,1.);
#90=CYLINDRICAL_SURFACE('',#1724,0.999999999999999);
#91=CYLINDRICAL_SURFACE('',#1731,1.);
#92=CYLINDRICAL_SURFACE('',#1739,1.);
#93=CYLINDRICAL_SURFACE('',#1741,1.);
#94=CYLINDRICAL_SURFACE('',#1750,1.);
#95=CYLINDRICAL_SURFACE('',#1755,1.25);
#96=CYLINDRICAL_SURFACE('',#1759,1.25);
#97=CYLINDRICAL_SURFACE('',#1763,0.5);
#98=CYLINDRICAL_SURFACE('',#1774,1.125);
#99=CYLINDRICAL_SURFACE('',#1776,0.5);
#100=CYLINDRICAL_SURFACE('',#1778,0.5);
#101=CYLINDRICAL_SURFACE('',#1780,1.125);
#102=CYLINDRICAL_SURFACE('',#1782,0.5);
#103=CYLINDRICAL_SURFACE('',#1788,0.999999999999999);
#104=CYLINDRICAL_SURFACE('',#1790,1.);
#105=CYLINDRICAL_SURFACE('',#1791,0.999999999999999);
#106=CYLINDRICAL_SURFACE('',#1793,1.);
#107=CYLINDRICAL_SURFACE('',#1804,0.5);
#108=CYLINDRICAL_SURFACE('',#1807,2.5);
#109=FACE_BOUND('',#220,.T.);
#110=FACE_BOUND('',#221,.T.);
#111=FACE_BOUND('',#222,.T.);
#112=FACE_BOUND('',#224,.T.);
#113=FACE_BOUND('',#242,.T.);
#114=FACE_BOUND('',#257,.T.);
#115=FACE_BOUND('',#294,.T.);
#116=FACE_BOUND('',#296,.T.);
#117=FACE_OUTER_BOUND('',#203,.T.);
#118=FACE_OUTER_BOUND('',#204,.T.);
#119=FACE_OUTER_BOUND('',#205,.T.);
#120=FACE_OUTER_BOUND('',#206,.T.);
#121=FACE_OUTER_BOUND('',#207,.T.);
#122=FACE_OUTER_BOUND('',#208,.T.);
#123=FACE_OUTER_BOUND('',#209,.T.);
#124=FACE_OUTER_BOUND('',#210,.T.);
#125=FACE_OUTER_BOUND('',#211,.T.);
#126=FACE_OUTER_BOUND('',#212,.T.);
#127=FACE_OUTER_BOUND('',#213,.T.);
#128=FACE_OUTER_BOUND('',#214,.T.);
#129=FACE_OUTER_BOUND('',#215,.T.);
#130=FACE_OUTER_BOUND('',#216,.T.);
#131=FACE_OUTER_BOUND('',#217,.T.);
#132=FACE_OUTER_BOUND('',#218,.T.);
#133=FACE_OUTER_BOUND('',#219,.T.);
#134=FACE_OUTER_BOUND('',#223,.T.);
#135=FACE_OUTER_BOUND('',#225,.T.);
#136=FACE_OUTER_BOUND('',#226,.T.);
#137=FACE_OUTER_BOUND('',#227,.T.);
#138=FACE_OUTER_BOUND('',#228,.T.);
#139=FACE_OUTER_BOUND('',#229,.T.);
#140=FACE_OUTER_BOUND('',#230,.T.);
#141=FACE_OUTER_BOUND('',#231,.T.);
#142=FACE_OUTER_BOUND('',#232,.T.);
#143=FACE_OUTER_BOUND('',#233,.T.);
#144=FACE_OUTER_BOUND('',#234,.T.);
#145=FACE_OUTER_BOUND('',#235,.T.);
#146=FACE_OUTER_BOUND('',#236,.T.);
#147=FACE_OUTER_BOUND('',#237,.T.);
#148=FACE_OUTER_BOUND('',#238,.T.);
#149=FACE_OUTER_BOUND('',#239,.T.);
#150=FACE_OUTER_BOUND('',#240,.T.);
#151=FACE_OUTER_BOUND('',#241,.T.);
#152=FACE_OUTER_BOUND('',#243,.T.);
#153=FACE_OUTER_BOUND('',#244,.T.);
#154=FACE_OUTER_BOUND('',#245,.T.);
#155=FACE_OUTER_BOUND('',#246,.T.);
#156=FACE_OUTER_BOUND('',#247,.T.);
#157=FACE_OUTER_BOUND('',#248,.T.);
#158=FACE_OUTER_BOUND('',#249,.T.);
#159=FACE_OUTER_BOUND('',#250,.T.);
#160=FACE_OUTER_BOUND('',#251,.T.);
#161=FACE_OUTER_BOUND('',#252,.T.);
#162=FACE_OUTER_BOUND('',#253,.T.);
#163=FACE_OUTER_BOUND('',#254,.T.);
#164=FACE_OUTER_BOUND('',#255,.T.);
#165=FACE_OUTER_BOUND('',#256,.T.);
#166=FACE_OUTER_BOUND('',#258,.T.);
#167=FACE_OUTER_BOUND('',#259,.T.);
#168=FACE_OUTER_BOUND('',#260,.T.);
#169=FACE_OUTER_BOUND('',#261,.T.);
#170=FACE_OUTER_BOUND('',#262,.T.);
#171=FACE_OUTER_BOUND('',#263,.T.);
#172=FACE_OUTER_BOUND('',#264,.T.);
#173=FACE_OUTER_BOUND('',#265,.T.);
#174=FACE_OUTER_BOUND('',#266,.T.);
#175=FACE_OUTER_BOUND('',#267,.T.);
#176=FACE_OUTER_BOUND('',#268,.T.);
#177=FACE_OUTER_BOUND('',#269,.T.);
#178=FACE_OUTER_BOUND('',#270,.T.);
#179=FACE_OUTER_BOUND('',#271,.T.);
#180=FACE_OUTER_BOUND('',#272,.T.);
#181=FACE_OUTER_BOUND('',#273,.T.);
#182=FACE_OUTER_BOUND('',#274,.T.);
#183=FACE_OUTER_BOUND('',#275,.T.);
#184=FACE_OUTER_BOUND('',#276,.T.);
#185=FACE_OUTER_BOUND('',#277,.T.);
#186=FACE_OUTER_BOUND('',#278,.T.);
#187=FACE_OUTER_BOUND('',#279,.T.);
#188=FACE_OUTER_BOUND('',#280,.T.);
#189=FACE_OUTER_BOUND('',#281,.T.);
#190=FACE_OUTER_BOUND('',#282,.T.);
#191=FACE_OUTER_BOUND('',#283,.T.);
#192=FACE_OUTER_BOUND('',#284,.T.);
#193=FACE_OUTER_BOUND('',#285,.T.);
#194=FACE_OUTER_BOUND('',#286,.T.);
#195=FACE_OUTER_BOUND('',#287,.T.);
#196=FACE_OUTER_BOUND('',#288,.T.);
#197=FACE_OUTER_BOUND('',#289,.T.);
#198=FACE_OUTER_BOUND('',#290,.T.);
#199=FACE_OUTER_BOUND('',#291,.T.);
#200=FACE_OUTER_BOUND('',#292,.T.);
#201=FACE_OUTER_BOUND('',#293,.T.);
#202=FACE_OUTER_BOUND('',#295,.T.);
#203=EDGE_LOOP('',(#975,#976,#977,#978));
#204=EDGE_LOOP('',(#979,#980,#981,#982));
#205=EDGE_LOOP('',(#983,#984,#985,#986));
#206=EDGE_LOOP('',(#987,#988,#989,#990));
#207=EDGE_LOOP('',(#991,#992,#993,#994));
#208=EDGE_LOOP('',(#995,#996,#997,#998));
#209=EDGE_LOOP('',(#999,#1000,#1001,#1002));
#210=EDGE_LOOP('',(#1003,#1004,#1005,#1006));
#211=EDGE_LOOP('',(#1007,#1008,#1009,#1010));
#212=EDGE_LOOP('',(#1011,#1012,#1013,#1014));
#213=EDGE_LOOP('',(#1015,#1016,#1017,#1018));
#214=EDGE_LOOP('',(#1019,#1020,#1021,#1022));
#215=EDGE_LOOP('',(#1023,#1024,#1025,#1026));
#216=EDGE_LOOP('',(#1027,#1028,#1029,#1030));
#217=EDGE_LOOP('',(#1031,#1032,#1033,#1034));
#218=EDGE_LOOP('',(#1035,#1036,#1037,#1038));
#219=EDGE_LOOP('',(#1039,#1040,#1041,#1042));
#220=EDGE_LOOP('',(#1043,#1044,#1045,#1046));
#221=EDGE_LOOP('',(#1047,#1048,#1049,#1050));
#222=EDGE_LOOP('',(#1051,#1052,#1053,#1054));
#223=EDGE_LOOP('',(#1055,#1056,#1057,#1058));
#224=EDGE_LOOP('',(#1059,#1060,#1061,#1062));
#225=EDGE_LOOP('',(#1063,#1064,#1065,#1066));
#226=EDGE_LOOP('',(#1067,#1068,#1069,#1070));
#227=EDGE_LOOP('',(#1071,#1072,#1073,#1074));
#228=EDGE_LOOP('',(#1075,#1076,#1077,#1078));
#229=EDGE_LOOP('',(#1079,#1080,#1081,#1082));
#230=EDGE_LOOP('',(#1083,#1084,#1085,#1086));
#231=EDGE_LOOP('',(#1087,#1088,#1089,#1090));
#232=EDGE_LOOP('',(#1091,#1092,#1093,#1094));
#233=EDGE_LOOP('',(#1095));
#234=EDGE_LOOP('',(#1096,#1097,#1098,#1099));
#235=EDGE_LOOP('',(#1100,#1101,#1102,#1103,#1104,#1105,#1106));
#236=EDGE_LOOP('',(#1107,#1108,#1109,#1110));
#237=EDGE_LOOP('',(#1111,#1112,#1113,#1114,#1115,#1116,#1117,#1118,#1119,
#1120,#1121,#1122));
#238=EDGE_LOOP('',(#1123,#1124,#1125,#1126));
#239=EDGE_LOOP('',(#1127,#1128,#1129,#1130));
#240=EDGE_LOOP('',(#1131,#1132,#1133,#1134));
#241=EDGE_LOOP('',(#1135,#1136,#1137,#1138,#1139,#1140));
#242=EDGE_LOOP('',(#1141));
#243=EDGE_LOOP('',(#1142,#1143,#1144,#1145));
#244=EDGE_LOOP('',(#1146,#1147,#1148,#1149));
#245=EDGE_LOOP('',(#1150,#1151,#1152,#1153));
#246=EDGE_LOOP('',(#1154,#1155,#1156,#1157));
#247=EDGE_LOOP('',(#1158,#1159,#1160,#1161));
#248=EDGE_LOOP('',(#1162,#1163,#1164,#1165));
#249=EDGE_LOOP('',(#1166,#1167,#1168,#1169));
#250=EDGE_LOOP('',(#1170,#1171,#1172,#1173,#1174));
#251=EDGE_LOOP('',(#1175,#1176,#1177,#1178,#1179,#1180,#1181,#1182,#1183,
#1184,#1185,#1186));
#252=EDGE_LOOP('',(#1187,#1188,#1189,#1190));
#253=EDGE_LOOP('',(#1191,#1192,#1193,#1194));
#254=EDGE_LOOP('',(#1195,#1196,#1197,#1198,#1199,#1200,#1201,#1202,#1203,
#1204,#1205,#1206));
#255=EDGE_LOOP('',(#1207,#1208,#1209,#1210));
#256=EDGE_LOOP('',(#1211,#1212,#1213,#1214,#1215,#1216,#1217,#1218,#1219,
#1220,#1221,#1222,#1223,#1224,#1225));
#257=EDGE_LOOP('',(#1226,#1227,#1228,#1229));
#258=EDGE_LOOP('',(#1230,#1231,#1232,#1233));
#259=EDGE_LOOP('',(#1234,#1235,#1236,#1237));
#260=EDGE_LOOP('',(#1238,#1239,#1240,#1241,#1242,#1243,#1244,#1245,#1246,
#1247,#1248,#1249));
#261=EDGE_LOOP('',(#1250,#1251,#1252,#1253));
#262=EDGE_LOOP('',(#1254,#1255,#1256,#1257,#1258,#1259,#1260,#1261,#1262,
#1263,#1264,#1265,#1266,#1267,#1268));
#263=EDGE_LOOP('',(#1269,#1270,#1271,#1272));
#264=EDGE_LOOP('',(#1273,#1274,#1275,#1276));
#265=EDGE_LOOP('',(#1277,#1278,#1279,#1280));
#266=EDGE_LOOP('',(#1281,#1282,#1283,#1284));
#267=EDGE_LOOP('',(#1285,#1286,#1287,#1288));
#268=EDGE_LOOP('',(#1289,#1290,#1291,#1292));
#269=EDGE_LOOP('',(#1293,#1294,#1295,#1296));
#270=EDGE_LOOP('',(#1297,#1298,#1299,#1300));
#271=EDGE_LOOP('',(#1301,#1302,#1303,#1304,#1305,#1306,#1307,#1308,#1309,
#1310,#1311,#1312));
#272=EDGE_LOOP('',(#1313,#1314,#1315,#1316));
#273=EDGE_LOOP('',(#1317,#1318,#1319,#1320,#1321,#1322,#1323,#1324,#1325,
#1326,#1327,#1328));
#274=EDGE_LOOP('',(#1329,#1330,#1331,#1332));
#275=EDGE_LOOP('',(#1333,#1334,#1335,#1336));
#276=EDGE_LOOP('',(#1337,#1338,#1339,#1340));
#277=EDGE_LOOP('',(#1341,#1342,#1343,#1344));
#278=EDGE_LOOP('',(#1345,#1346,#1347,#1348));
#279=EDGE_LOOP('',(#1349,#1350,#1351,#1352,#1353,#1354));
#280=EDGE_LOOP('',(#1355,#1356,#1357,#1358,#1359,#1360));
#281=EDGE_LOOP('',(#1361,#1362,#1363,#1364));
#282=EDGE_LOOP('',(#1365,#1366,#1367,#1368,#1369,#1370));
#283=EDGE_LOOP('',(#1371,#1372,#1373,#1374));
#284=EDGE_LOOP('',(#1375,#1376,#1377,#1378));
#285=EDGE_LOOP('',(#1379,#1380,#1381,#1382,#1383,#1384));
#286=EDGE_LOOP('',(#1385,#1386,#1387,#1388));
#287=EDGE_LOOP('',(#1389,#1390,#1391,#1392));
#288=EDGE_LOOP('',(#1393,#1394));
#289=EDGE_LOOP('',(#1395,#1396,#1397,#1398));
#290=EDGE_LOOP('',(#1399,#1400));
#291=EDGE_LOOP('',(#1401,#1402,#1403,#1404));
#292=EDGE_LOOP('',(#1405,#1406,#1407,#1408));
#293=EDGE_LOOP('',(#1409));
#294=EDGE_LOOP('',(#1410));
#295=EDGE_LOOP('',(#1411));
#296=EDGE_LOOP('',(#1412));
#297=LINE('',#2272,#453);
#298=LINE('',#2274,#454);
#299=LINE('',#2276,#455);
#300=LINE('',#2277,#456);
#301=LINE('',#2280,#457);
#302=LINE('',#2282,#458);
#303=LINE('',#2283,#459);
#304=LINE('',#2286,#460);
#305=LINE('',#2288,#461);
#306=LINE('',#2289,#462);
#307=LINE('',#2291,#463);
#308=LINE('',#2292,#464);
#309=LINE('',#2296,#465);
#310=LINE('',#2298,#466);
#311=LINE('',#2300,#467);
#312=LINE('',#2301,#468);
#313=LINE('',#2304,#469);
#314=LINE('',#2306,#470);
#315=LINE('',#2307,#471);
#316=LINE('',#2310,#472);
#317=LINE('',#2312,#473);
#318=LINE('',#2313,#474);
#319=LINE('',#2315,#475);
#320=LINE('',#2316,#476);
#321=LINE('',#2320,#477);
#322=LINE('',#2322,#478);
#323=LINE('',#2324,#479);
#324=LINE('',#2325,#480);
#325=LINE('',#2328,#481);
#326=LINE('',#2330,#482);
#327=LINE('',#2331,#483);
#328=LINE('',#2334,#484);
#329=LINE('',#2336,#485);
#330=LINE('',#2337,#486);
#331=LINE('',#2339,#487);
#332=LINE('',#2340,#488);
#333=LINE('',#2344,#489);
#334=LINE('',#2346,#490);
#335=LINE('',#2348,#491);
#336=LINE('',#2349,#492);
#337=LINE('',#2352,#493);
#338=LINE('',#2354,#494);
#339=LINE('',#2355,#495);
#340=LINE('',#2358,#496);
#341=LINE('',#2360,#497);
#342=LINE('',#2361,#498);
#343=LINE('',#2363,#499);
#344=LINE('',#2364,#500);
#345=LINE('',#2369,#501);
#346=LINE('',#2371,#502);
#347=LINE('',#2373,#503);
#348=LINE('',#2374,#504);
#349=LINE('',#2380,#505);
#350=LINE('',#2381,#506);
#351=LINE('',#2382,#507);
#352=LINE('',#2385,#508);
#353=LINE('',#2386,#509);
#354=LINE('',#2389,#510);
#355=LINE('',#2390,#511);
#356=LINE('',#2392,#512);
#357=LINE('',#2398,#513);
#358=LINE('',#2406,#514);
#359=LINE('',#2409,#515);
#360=LINE('',#2420,#516);
#361=LINE('',#2426,#517);
#362=LINE('',#2430,#518);
#363=LINE('',#2433,#519);
#364=LINE('',#2435,#520);
#365=LINE('',#2439,#521);
#366=LINE('',#2442,#522);
#367=LINE('',#2445,#523);
#368=LINE('',#2446,#524);
#369=LINE('',#2450,#525);
#370=LINE('',#2452,#526);
#371=LINE('',#2456,#527);
#372=LINE('',#2459,#528);
#373=LINE('',#2462,#529);
#374=LINE('',#2465,#530);
#375=LINE('',#2470,#531);
#376=LINE('',#2471,#532);
#377=LINE('',#2476,#533);
#378=LINE('',#2477,#534);
#379=LINE('',#2480,#535);
#380=LINE('',#2481,#536);
#381=LINE('',#2485,#537);
#382=LINE('',#2490,#538);
#383=LINE('',#2491,#539);
#384=LINE('',#2493,#540);
#385=LINE('',#2496,#541);
#386=LINE('',#2500,#542);
#387=LINE('',#2502,#543);
#388=LINE('',#2506,#544);
#389=LINE('',#2508,#545);
#390=LINE('',#2511,#546);
#391=LINE('',#2514,#547);
#392=LINE('',#2517,#548);
#393=LINE('',#2520,#549);
#394=LINE('',#2521,#550);
#395=LINE('',#2524,#551);
#396=LINE('',#2528,#552);
#397=LINE('',#2532,#553);
#398=LINE('',#2536,#554);
#399=LINE('',#2538,#555);
#400=LINE('',#2541,#556);
#401=LINE('',#2543,#557);
#402=LINE('',#2544,#558);
#403=LINE('',#2547,#559);
#404=LINE('',#2549,#560);
#405=LINE('',#2551,#561);
#406=LINE('',#2553,#562);
#407=LINE('',#2555,#563);
#408=LINE('',#2557,#564);
#409=LINE('',#2559,#565);
#410=LINE('',#2560,#566);
#411=LINE('',#2566,#567);
#412=LINE('',#2569,#568);
#413=LINE('',#2571,#569);
#414=LINE('',#2572,#570);
#415=LINE('',#2577,#571);
#416=LINE('',#2581,#572);
#417=LINE('',#2585,#573);
#418=LINE('',#2587,#574);
#419=LINE('',#2590,#575);
#420=LINE('',#2595,#576);
#421=LINE('',#2596,#577);
#422=LINE('',#2598,#578);
#423=LINE('',#2600,#579);
#424=LINE('',#2602,#580);
#425=LINE('',#2604,#581);
#426=LINE('',#2606,#582);
#427=LINE('',#2607,#583);
#428=LINE('',#2609,#584);
#429=LINE('',#2611,#585);
#430=LINE('',#2613,#586);
#431=LINE('',#2617,#587);
#432=LINE('',#2618,#588);
#433=LINE('',#2621,#589);
#434=LINE('',#2622,#590);
#435=LINE('',#2626,#591);
#436=LINE('',#2628,#592);
#437=LINE('',#2635,#593);
#438=LINE('',#2642,#594);
#439=LINE('',#2651,#595);
#440=LINE('',#2656,#596);
#441=LINE('',#2660,#597);
#442=LINE('',#2663,#598);
#443=LINE('',#2666,#599);
#444=LINE('',#2669,#600);
#445=LINE('',#2676,#601);
#446=LINE('',#2679,#602);
#447=LINE('',#2682,#603);
#448=LINE('',#2684,#604);
#449=LINE('',#2687,#605);
#450=LINE('',#2689,#606);
#451=LINE('',#2711,#607);
#452=LINE('',#2717,#608);
#453=VECTOR('',#1816,10.);
#454=VECTOR('',#1817,10.);
#455=VECTOR('',#1818,10.);
#456=VECTOR('',#1819,10.);
#457=VECTOR('',#1822,10.);
#458=VECTOR('',#1823,10.);
#459=VECTOR('',#1824,10.);
#460=VECTOR('',#1827,10.);
#461=VECTOR('',#1828,10.);
#462=VECTOR('',#1829,10.);
#463=VECTOR('',#1832,10.);
#464=VECTOR('',#1833,10.);
#465=VECTOR('',#1836,10.);
#466=VECTOR('',#1837,10.);
#467=VECTOR('',#1838,10.);
#468=VECTOR('',#1839,10.);
#469=VECTOR('',#1842,10.);
#470=VECTOR('',#1843,10.);
#471=VECTOR('',#1844,10.);
#472=VECTOR('',#1847,10.);
#473=VECTOR('',#1848,10.);
#474=VECTOR('',#1849,10.);
#475=VECTOR('',#1852,10.);
#476=VECTOR('',#1853,10.);
#477=VECTOR('',#1856,10.);
#478=VECTOR('',#1857,10.);
#479=VECTOR('',#1858,10.);
#480=VECTOR('',#1859,10.);
#481=VECTOR('',#1862,10.);
#482=VECTOR('',#1863,10.);
#483=VECTOR('',#1864,10.);
#484=VECTOR('',#1867,10.);
#485=VECTOR('',#1868,10.);
#486=VECTOR('',#1869,10.);
#487=VECTOR('',#1872,10.);
#488=VECTOR('',#1873,10.);
#489=VECTOR('',#1876,10.);
#490=VECTOR('',#1877,10.);
#491=VECTOR('',#1878,10.);
#492=VECTOR('',#1879,10.);
#493=VECTOR('',#1882,10.);
#494=VECTOR('',#1883,10.);
#495=VECTOR('',#1884,10.);
#496=VECTOR('',#1887,10.);
#497=VECTOR('',#1888,10.);
#498=VECTOR('',#1889,10.);
#499=VECTOR('',#1892,10.);
#500=VECTOR('',#1893,10.);
#501=VECTOR('',#1898,10.);
#502=VECTOR('',#1899,10.);
#503=VECTOR('',#1900,10.);
#504=VECTOR('',#1901,10.);
#505=VECTOR('',#1908,10.);
#506=VECTOR('',#1909,10.);
#507=VECTOR('',#1910,10.);
#508=VECTOR('',#1913,10.);
#509=VECTOR('',#1914,10.);
#510=VECTOR('',#1917,10.);
#511=VECTOR('',#1918,10.);
#512=VECTOR('',#1921,10.);
#513=VECTOR('',#1928,0.5);
#514=VECTOR('',#1937,10.);
#515=VECTOR('',#1940,10.);
#516=VECTOR('',#1951,10.);
#517=VECTOR('',#1958,10.);
#518=VECTOR('',#1963,10.);
#519=VECTOR('',#1966,10.);
#520=VECTOR('',#1967,10.);
#521=VECTOR('',#1970,10.);
#522=VECTOR('',#1973,10.);
#523=VECTOR('',#1976,10.);
#524=VECTOR('',#1977,10.);
#525=VECTOR('',#1982,10.);
#526=VECTOR('',#1985,10.);
#527=VECTOR('',#1990,10.);
#528=VECTOR('',#1993,10.);
#529=VECTOR('',#1996,10.);
#530=VECTOR('',#1999,10.);
#531=VECTOR('',#2004,10.);
#532=VECTOR('',#2005,10.);
#533=VECTOR('',#2010,10.);
#534=VECTOR('',#2011,10.);
#535=VECTOR('',#2014,10.);
#536=VECTOR('',#2015,10.);
#537=VECTOR('',#2020,10.);
#538=VECTOR('',#2025,10.);
#539=VECTOR('',#2026,10.);
#540=VECTOR('',#2029,10.);
#541=VECTOR('',#2032,10.);
#542=VECTOR('',#2035,10.);
#543=VECTOR('',#2036,10.);
#544=VECTOR('',#2039,10.);
#545=VECTOR('',#2040,10.);
#546=VECTOR('',#2043,10.);
#547=VECTOR('',#2046,10.);
#548=VECTOR('',#2049,10.);
#549=VECTOR('',#2052,10.);
#550=VECTOR('',#2053,10.);
#551=VECTOR('',#2056,10.);
#552=VECTOR('',#2059,10.);
#553=VECTOR('',#2062,10.);
#554=VECTOR('',#2065,10.);
#555=VECTOR('',#2066,10.);
#556=VECTOR('',#2069,10.);
#557=VECTOR('',#2072,10.);
#558=VECTOR('',#2073,10.);
#559=VECTOR('',#2076,10.);
#560=VECTOR('',#2077,10.);
#561=VECTOR('',#2078,10.);
#562=VECTOR('',#2079,10.);
#563=VECTOR('',#2080,10.);
#564=VECTOR('',#2081,10.);
#565=VECTOR('',#2082,10.);
#566=VECTOR('',#2083,10.);
#567=VECTOR('',#2090,10.);
#568=VECTOR('',#2093,10.);
#569=VECTOR('',#2094,10.);
#570=VECTOR('',#2095,10.);
#571=VECTOR('',#2100,10.);
#572=VECTOR('',#2103,10.);
#573=VECTOR('',#2106,10.);
#574=VECTOR('',#2107,10.);
#575=VECTOR('',#2110,10.);
#576=VECTOR('',#2115,10.);
#577=VECTOR('',#2116,10.);
#578=VECTOR('',#2119,10.);
#579=VECTOR('',#2120,10.);
#580=VECTOR('',#2121,10.);
#581=VECTOR('',#2122,10.);
#582=VECTOR('',#2123,10.);
#583=VECTOR('',#2124,10.);
#584=VECTOR('',#2127,10.);
#585=VECTOR('',#2130,10.);
#586=VECTOR('',#2133,10.);
#587=VECTOR('',#2138,10.);
#588=VECTOR('',#2139,10.);
#589=VECTOR('',#2142,10.);
#590=VECTOR('',#2143,10.);
#591=VECTOR('',#2148,10.);
#592=VECTOR('',#2151,10.);
#593=VECTOR('',#2160,10.);
#594=VECTOR('',#2167,10.);
#595=VECTOR('',#2176,10.);
#596=VECTOR('',#2183,10.);
#597=VECTOR('',#2188,10.);
#598=VECTOR('',#2191,10.);
#599=VECTOR('',#2194,10.);
#600=VECTOR('',#2197,10.);
#601=VECTOR('',#2208,10.);
#602=VECTOR('',#2211,10.);
#603=VECTOR('',#2216,10.);
#604=VECTOR('',#2219,10.);
#605=VECTOR('',#2224,10.);
#606=VECTOR('',#2227,10.);
#607=VECTOR('',#2254,0.5);
#608=VECTOR('',#2261,2.5);
#609=VERTEX_POINT('',#2270);
#610=VERTEX_POINT('',#2271);
#611=VERTEX_POINT('',#2273);
#612=VERTEX_POINT('',#2275);
#613=VERTEX_POINT('',#2279);
#614=VERTEX_POINT('',#2281);
#615=VERTEX_POINT('',#2285);
#616=VERTEX_POINT('',#2287);
#617=VERTEX_POINT('',#2294);
#618=VERTEX_POINT('',#2295);
#619=VERTEX_POINT('',#2297);
#620=VERTEX_POINT('',#2299);
#621=VERTEX_POINT('',#2303);
#622=VERTEX_POINT('',#2305);
#623=VERTEX_POINT('',#2309);
#624=VERTEX_POINT('',#2311);
#625=VERTEX_POINT('',#2318);
#626=VERTEX_POINT('',#2319);
#627=VERTEX_POINT('',#2321);
#628=VERTEX_POINT('',#2323);
#629=VERTEX_POINT('',#2327);
#630=VERTEX_POINT('',#2329);
#631=VERTEX_POINT('',#2333);
#632=VERTEX_POINT('',#2335);
#633=VERTEX_POINT('',#2342);
#634=VERTEX_POINT('',#2343);
#635=VERTEX_POINT('',#2345);
#636=VERTEX_POINT('',#2347);
#637=VERTEX_POINT('',#2351);
#638=VERTEX_POINT('',#2353);
#639=VERTEX_POINT('',#2357);
#640=VERTEX_POINT('',#2359);
#641=VERTEX_POINT('',#2367);
#642=VERTEX_POINT('',#2368);
#643=VERTEX_POINT('',#2370);
#644=VERTEX_POINT('',#2372);
#645=VERTEX_POINT('',#2378);
#646=VERTEX_POINT('',#2379);
#647=VERTEX_POINT('',#2384);
#648=VERTEX_POINT('',#2388);
#649=VERTEX_POINT('',#2395);
#650=VERTEX_POINT('',#2397);
#651=VERTEX_POINT('',#2402);
#652=VERTEX_POINT('',#2403);
#653=VERTEX_POINT('',#2405);
#654=VERTEX_POINT('',#2407);
#655=VERTEX_POINT('',#2411);
#656=VERTEX_POINT('',#2413);
#657=VERTEX_POINT('',#2415);
#658=VERTEX_POINT('',#2417);
#659=VERTEX_POINT('',#2419);
#660=VERTEX_POINT('',#2423);
#661=VERTEX_POINT('',#2425);
#662=VERTEX_POINT('',#2429);
#663=VERTEX_POINT('',#2431);
#664=VERTEX_POINT('',#2434);
#665=VERTEX_POINT('',#2436);
#666=VERTEX_POINT('',#2438);
#667=VERTEX_POINT('',#2440);
#668=VERTEX_POINT('',#2444);
#669=VERTEX_POINT('',#2448);
#670=VERTEX_POINT('',#2455);
#671=VERTEX_POINT('',#2457);
#672=VERTEX_POINT('',#2461);
#673=VERTEX_POINT('',#2463);
#674=VERTEX_POINT('',#2467);
#675=VERTEX_POINT('',#2468);
#676=VERTEX_POINT('',#2473);
#677=VERTEX_POINT('',#2474);
#678=VERTEX_POINT('',#2479);
#679=VERTEX_POINT('',#2483);
#680=VERTEX_POINT('',#2487);
#681=VERTEX_POINT('',#2488);
#682=VERTEX_POINT('',#2495);
#683=VERTEX_POINT('',#2497);
#684=VERTEX_POINT('',#2499);
#685=VERTEX_POINT('',#2501);
#686=VERTEX_POINT('',#2503);
#687=VERTEX_POINT('',#2505);
#688=VERTEX_POINT('',#2507);
#689=VERTEX_POINT('',#2509);
#690=VERTEX_POINT('',#2513);
#691=VERTEX_POINT('',#2515);
#692=VERTEX_POINT('',#2519);
#693=VERTEX_POINT('',#2523);
#694=VERTEX_POINT('',#2525);
#695=VERTEX_POINT('',#2527);
#696=VERTEX_POINT('',#2529);
#697=VERTEX_POINT('',#2531);
#698=VERTEX_POINT('',#2533);
#699=VERTEX_POINT('',#2535);
#700=VERTEX_POINT('',#2537);
#701=VERTEX_POINT('',#2539);
#702=VERTEX_POINT('',#2546);
#703=VERTEX_POINT('',#2548);
#704=VERTEX_POINT('',#2550);
#705=VERTEX_POINT('',#2552);
#706=VERTEX_POINT('',#2554);
#707=VERTEX_POINT('',#2556);
#708=VERTEX_POINT('',#2558);
#709=VERTEX_POINT('',#2562);
#710=VERTEX_POINT('',#2564);
#711=VERTEX_POINT('',#2568);
#712=VERTEX_POINT('',#2570);
#713=VERTEX_POINT('',#2574);
#714=VERTEX_POINT('',#2576);
#715=VERTEX_POINT('',#2578);
#716=VERTEX_POINT('',#2580);
#717=VERTEX_POINT('',#2582);
#718=VERTEX_POINT('',#2584);
#719=VERTEX_POINT('',#2586);
#720=VERTEX_POINT('',#2588);
#721=VERTEX_POINT('',#2592);
#722=VERTEX_POINT('',#2593);
#723=VERTEX_POINT('',#2599);
#724=VERTEX_POINT('',#2601);
#725=VERTEX_POINT('',#2603);
#726=VERTEX_POINT('',#2605);
#727=VERTEX_POINT('',#2616);
#728=VERTEX_POINT('',#2620);
#729=VERTEX_POINT('',#2624);
#730=VERTEX_POINT('',#2631);
#731=VERTEX_POINT('',#2633);
#732=VERTEX_POINT('',#2637);
#733=VERTEX_POINT('',#2639);
#734=VERTEX_POINT('',#2641);
#735=VERTEX_POINT('',#2644);
#736=VERTEX_POINT('',#2646);
#737=VERTEX_POINT('',#2648);
#738=VERTEX_POINT('',#2650);
#739=VERTEX_POINT('',#2654);
#740=VERTEX_POINT('',#2658);
#741=VERTEX_POINT('',#2662);
#742=VERTEX_POINT('',#2664);
#743=VERTEX_POINT('',#2668);
#744=VERTEX_POINT('',#2674);
#745=VERTEX_POINT('',#2678);
#746=VERTEX_POINT('',#2692);
#747=VERTEX_POINT('',#2693);
#748=VERTEX_POINT('',#2696);
#749=VERTEX_POINT('',#2700);
#750=VERTEX_POINT('',#2701);
#751=VERTEX_POINT('',#2704);
#752=VERTEX_POINT('',#2708);
#753=VERTEX_POINT('',#2710);
#754=VERTEX_POINT('',#2714);
#755=VERTEX_POINT('',#2716);
#756=EDGE_CURVE('',#609,#610,#297,.T.);
#757=EDGE_CURVE('',#609,#611,#298,.T.);
#758=EDGE_CURVE('',#612,#611,#299,.T.);
#759=EDGE_CURVE('',#610,#612,#300,.T.);
#760=EDGE_CURVE('',#613,#609,#301,.T.);
#761=EDGE_CURVE('',#613,#614,#302,.T.);
#762=EDGE_CURVE('',#611,#614,#303,.T.);
#763=EDGE_CURVE('',#615,#613,#304,.T.);
#764=EDGE_CURVE('',#615,#616,#305,.T.);
#765=EDGE_CURVE('',#614,#616,#306,.T.);
#766=EDGE_CURVE('',#610,#615,#307,.T.);
#767=EDGE_CURVE('',#616,#612,#308,.T.);
#768=EDGE_CURVE('',#617,#618,#309,.T.);
#769=EDGE_CURVE('',#617,#619,#310,.T.);
#770=EDGE_CURVE('',#620,#619,#311,.T.);
#771=EDGE_CURVE('',#618,#620,#312,.T.);
#772=EDGE_CURVE('',#621,#617,#313,.T.);
#773=EDGE_CURVE('',#621,#622,#314,.T.);
#774=EDGE_CURVE('',#619,#622,#315,.T.);
#775=EDGE_CURVE('',#623,#621,#316,.T.);
#776=EDGE_CURVE('',#623,#624,#317,.T.);
#777=EDGE_CURVE('',#622,#624,#318,.T.);
#778=EDGE_CURVE('',#618,#623,#319,.T.);
#779=EDGE_CURVE('',#624,#620,#320,.T.);
#780=EDGE_CURVE('',#625,#626,#321,.T.);
#781=EDGE_CURVE('',#625,#627,#322,.T.);
#782=EDGE_CURVE('',#628,#627,#323,.T.);
#783=EDGE_CURVE('',#626,#628,#324,.T.);
#784=EDGE_CURVE('',#629,#625,#325,.T.);
#785=EDGE_CURVE('',#629,#630,#326,.T.);
#786=EDGE_CURVE('',#627,#630,#327,.T.);
#787=EDGE_CURVE('',#631,#629,#328,.T.);
#788=EDGE_CURVE('',#631,#632,#329,.T.);
#789=EDGE_CURVE('',#630,#632,#330,.T.);
#790=EDGE_CURVE('',#626,#631,#331,.T.);
#791=EDGE_CURVE('',#632,#628,#332,.T.);
#792=EDGE_CURVE('',#633,#634,#333,.T.);
#793=EDGE_CURVE('',#633,#635,#334,.T.);
#794=EDGE_CURVE('',#636,#635,#335,.T.);
#795=EDGE_CURVE('',#634,#636,#336,.T.);
#796=EDGE_CURVE('',#634,#637,#337,.T.);
#797=EDGE_CURVE('',#638,#636,#338,.T.);
#798=EDGE_CURVE('',#637,#638,#339,.T.);
#799=EDGE_CURVE('',#637,#639,#340,.T.);
#800=EDGE_CURVE('',#640,#638,#341,.T.);
#801=EDGE_CURVE('',#639,#640,#342,.T.);
#802=EDGE_CURVE('',#639,#633,#343,.T.);
#803=EDGE_CURVE('',#635,#640,#344,.T.);
#804=EDGE_CURVE('',#641,#642,#345,.T.);
#805=EDGE_CURVE('',#642,#643,#346,.T.);
#806=EDGE_CURVE('',#643,#644,#347,.T.);
#807=EDGE_CURVE('',#644,#641,#348,.T.);
#808=EDGE_CURVE('',#645,#646,#349,.T.);
#809=EDGE_CURVE('',#645,#641,#350,.T.);
#810=EDGE_CURVE('',#646,#644,#351,.T.);
#811=EDGE_CURVE('',#646,#647,#352,.T.);
#812=EDGE_CURVE('',#647,#643,#353,.T.);
#813=EDGE_CURVE('',#647,#648,#354,.T.);
#814=EDGE_CURVE('',#648,#642,#355,.T.);
#815=EDGE_CURVE('',#648,#645,#356,.T.);
#816=EDGE_CURVE('',#649,#649,#19,.T.);
#817=EDGE_CURVE('',#649,#650,#357,.T.);
#818=EDGE_CURVE('',#650,#650,#20,.T.);
#819=EDGE_CURVE('',#651,#652,#21,.T.);
#820=EDGE_CURVE('',#651,#653,#358,.T.);
#821=EDGE_CURVE('',#653,#654,#22,.T.);
#822=EDGE_CURVE('',#654,#652,#359,.T.);
#823=EDGE_CURVE('',#655,#651,#23,.T.);
#824=EDGE_CURVE('',#656,#655,#24,.T.);
#825=EDGE_CURVE('',#657,#656,#25,.T.);
#826=EDGE_CURVE('',#658,#657,#26,.T.);
#827=EDGE_CURVE('',#659,#658,#360,.T.);
#828=EDGE_CURVE('',#653,#659,#27,.T.);
#829=EDGE_CURVE('',#660,#658,#28,.T.);
#830=EDGE_CURVE('',#660,#661,#361,.T.);
#831=EDGE_CURVE('',#661,#659,#29,.T.);
#832=EDGE_CURVE('',#652,#662,#362,.T.);
#833=EDGE_CURVE('',#662,#663,#30,.T.);
#834=EDGE_CURVE('',#663,#660,#363,.T.);
#835=EDGE_CURVE('',#657,#664,#364,.T.);
#836=EDGE_CURVE('',#664,#665,#31,.T.);
#837=EDGE_CURVE('',#665,#666,#365,.T.);
#838=EDGE_CURVE('',#666,#667,#32,.T.);
#839=EDGE_CURVE('',#667,#655,#366,.T.);
#840=EDGE_CURVE('',#668,#654,#367,.T.);
#841=EDGE_CURVE('',#662,#668,#368,.T.);
#842=EDGE_CURVE('',#669,#668,#33,.T.);
#843=EDGE_CURVE('',#663,#669,#369,.T.);
#844=EDGE_CURVE('',#661,#669,#370,.T.);
#845=EDGE_CURVE('',#656,#670,#371,.T.);
#846=EDGE_CURVE('',#670,#671,#34,.T.);
#847=EDGE_CURVE('',#671,#657,#372,.T.);
#848=EDGE_CURVE('',#655,#672,#373,.T.);
#849=EDGE_CURVE('',#672,#673,#35,.T.);
#850=EDGE_CURVE('',#673,#656,#374,.T.);
#851=EDGE_CURVE('',#674,#675,#36,.T.);
#852=EDGE_CURVE('',#674,#673,#375,.T.);
#853=EDGE_CURVE('',#675,#672,#376,.T.);
#854=EDGE_CURVE('',#676,#677,#37,.T.);
#855=EDGE_CURVE('',#676,#667,#377,.T.);
#856=EDGE_CURVE('',#677,#666,#378,.T.);
#857=EDGE_CURVE('',#677,#678,#379,.T.);
#858=EDGE_CURVE('',#678,#665,#380,.T.);
#859=EDGE_CURVE('',#678,#679,#38,.T.);
#860=EDGE_CURVE('',#679,#664,#381,.T.);
#861=EDGE_CURVE('',#680,#681,#39,.T.);
#862=EDGE_CURVE('',#680,#671,#382,.T.);
#863=EDGE_CURVE('',#681,#670,#383,.T.);
#864=EDGE_CURVE('',#681,#674,#384,.T.);
#865=EDGE_CURVE('',#675,#682,#385,.T.);
#866=EDGE_CURVE('',#683,#682,#40,.T.);
#867=EDGE_CURVE('',#683,#684,#386,.T.);
#868=EDGE_CURVE('',#684,#685,#387,.T.);
#869=EDGE_CURVE('',#685,#686,#41,.T.);
#870=EDGE_CURVE('',#686,#687,#388,.T.);
#871=EDGE_CURVE('',#687,#688,#389,.T.);
#872=EDGE_CURVE('',#689,#688,#42,.T.);
#873=EDGE_CURVE('',#689,#680,#390,.T.);
#874=EDGE_CURVE('',#682,#690,#391,.T.);
#875=EDGE_CURVE('',#690,#691,#43,.T.);
#876=EDGE_CURVE('',#691,#683,#392,.T.);
#877=EDGE_CURVE('',#691,#692,#393,.T.);
#878=EDGE_CURVE('',#692,#684,#394,.T.);
#879=EDGE_CURVE('',#693,#690,#395,.T.);
#880=EDGE_CURVE('',#693,#694,#44,.T.);
#881=EDGE_CURVE('',#694,#695,#396,.T.);
#882=EDGE_CURVE('',#695,#696,#45,.T.);
#883=EDGE_CURVE('',#697,#696,#397,.T.);
#884=EDGE_CURVE('',#698,#697,#46,.T.);
#885=EDGE_CURVE('',#699,#698,#398,.T.);
#886=EDGE_CURVE('',#700,#699,#399,.T.);
#887=EDGE_CURVE('',#701,#700,#47,.T.);
#888=EDGE_CURVE('',#692,#701,#400,.T.);
#889=EDGE_CURVE('',#688,#698,#401,.T.);
#890=EDGE_CURVE('',#697,#689,#402,.T.);
#891=EDGE_CURVE('',#702,#696,#403,.T.);
#892=EDGE_CURVE('',#702,#703,#404,.T.);
#893=EDGE_CURVE('',#704,#703,#405,.T.);
#894=EDGE_CURVE('',#705,#704,#406,.T.);
#895=EDGE_CURVE('',#705,#706,#407,.T.);
#896=EDGE_CURVE('',#706,#707,#408,.T.);
#897=EDGE_CURVE('',#708,#707,#409,.T.);
#898=EDGE_CURVE('',#679,#708,#410,.T.);
#899=EDGE_CURVE('',#709,#708,#48,.T.);
#900=EDGE_CURVE('',#707,#710,#49,.T.);
#901=EDGE_CURVE('',#710,#709,#411,.T.);
#902=EDGE_CURVE('',#710,#711,#412,.T.);
#903=EDGE_CURVE('',#711,#712,#413,.T.);
#904=EDGE_CURVE('',#709,#712,#414,.T.);
#905=EDGE_CURVE('',#706,#713,#50,.T.);
#906=EDGE_CURVE('',#713,#714,#415,.T.);
#907=EDGE_CURVE('',#714,#715,#51,.T.);
#908=EDGE_CURVE('',#716,#715,#416,.T.);
#909=EDGE_CURVE('',#717,#716,#52,.T.);
#910=EDGE_CURVE('',#718,#717,#417,.T.);
#911=EDGE_CURVE('',#719,#718,#418,.T.);
#912=EDGE_CURVE('',#720,#719,#53,.T.);
#913=EDGE_CURVE('',#711,#720,#419,.T.);
#914=EDGE_CURVE('',#721,#722,#54,.T.);
#915=EDGE_CURVE('',#722,#717,#420,.T.);
#916=EDGE_CURVE('',#716,#721,#421,.T.);
#917=EDGE_CURVE('',#721,#676,#422,.T.);
#918=EDGE_CURVE('',#723,#715,#423,.T.);
#919=EDGE_CURVE('',#723,#724,#424,.T.);
#920=EDGE_CURVE('',#725,#724,#425,.T.);
#921=EDGE_CURVE('',#726,#725,#426,.T.);
#922=EDGE_CURVE('',#726,#693,#427,.T.);
#923=EDGE_CURVE('',#699,#687,#428,.T.);
#924=EDGE_CURVE('',#700,#686,#429,.T.);
#925=EDGE_CURVE('',#701,#685,#430,.T.);
#926=EDGE_CURVE('',#727,#722,#431,.T.);
#927=EDGE_CURVE('',#718,#727,#432,.T.);
#928=EDGE_CURVE('',#728,#727,#433,.T.);
#929=EDGE_CURVE('',#719,#728,#434,.T.);
#930=EDGE_CURVE('',#729,#728,#55,.T.);
#931=EDGE_CURVE('',#720,#729,#435,.T.);
#932=EDGE_CURVE('',#712,#729,#436,.T.);
#933=EDGE_CURVE('',#730,#704,#56,.T.);
#934=EDGE_CURVE('',#703,#731,#57,.F.);
#935=EDGE_CURVE('',#731,#730,#437,.T.);
#936=EDGE_CURVE('',#730,#732,#58,.T.);
#937=EDGE_CURVE('',#733,#732,#59,.T.);
#938=EDGE_CURVE('',#733,#734,#438,.T.);
#939=EDGE_CURVE('',#734,#726,#60,.T.);
#940=EDGE_CURVE('',#735,#725,#61,.T.);
#941=EDGE_CURVE('',#735,#736,#62,.T.);
#942=EDGE_CURVE('',#737,#736,#63,.T.);
#943=EDGE_CURVE('',#737,#738,#439,.T.);
#944=EDGE_CURVE('',#738,#705,#64,.T.);
#945=EDGE_CURVE('',#731,#739,#65,.T.);
#946=EDGE_CURVE('',#732,#739,#440,.T.);
#947=EDGE_CURVE('',#739,#740,#66,.F.);
#948=EDGE_CURVE('',#740,#733,#441,.T.);
#949=EDGE_CURVE('',#736,#741,#442,.T.);
#950=EDGE_CURVE('',#741,#742,#67,.F.);
#951=EDGE_CURVE('',#742,#737,#443,.T.);
#952=EDGE_CURVE('',#743,#735,#444,.T.);
#953=EDGE_CURVE('',#743,#741,#68,.T.);
#954=EDGE_CURVE('',#724,#743,#69,.F.);
#955=EDGE_CURVE('',#744,#702,#70,.T.);
#956=EDGE_CURVE('',#740,#744,#445,.T.);
#957=EDGE_CURVE('',#742,#745,#446,.T.);
#958=EDGE_CURVE('',#745,#723,#71,.T.);
#959=EDGE_CURVE('',#745,#714,#447,.T.);
#960=EDGE_CURVE('',#738,#713,#448,.T.);
#961=EDGE_CURVE('',#744,#695,#449,.T.);
#962=EDGE_CURVE('',#734,#694,#450,.T.);
#963=EDGE_CURVE('',#746,#747,#72,.T.);
#964=EDGE_CURVE('',#747,#746,#73,.T.);
#965=EDGE_CURVE('',#747,#748,#74,.T.);
#966=EDGE_CURVE('',#749,#750,#75,.T.);
#967=EDGE_CURVE('',#750,#749,#76,.T.);
#968=EDGE_CURVE('',#750,#751,#77,.T.);
#969=EDGE_CURVE('',#752,#752,#78,.T.);
#970=EDGE_CURVE('',#752,#753,#451,.T.);
#971=EDGE_CURVE('',#753,#753,#79,.T.);
#972=EDGE_CURVE('',#754,#754,#80,.T.);
#973=EDGE_CURVE('',#754,#755,#452,.T.);
#974=EDGE_CURVE('',#755,#755,#81,.T.);
#975=ORIENTED_EDGE('',*,*,#756,.F.);
#976=ORIENTED_EDGE('',*,*,#757,.T.);
#977=ORIENTED_EDGE('',*,*,#758,.F.);
#978=ORIENTED_EDGE('',*,*,#759,.F.);
#979=ORIENTED_EDGE('',*,*,#760,.F.);
#980=ORIENTED_EDGE('',*,*,#761,.T.);
#981=ORIENTED_EDGE('',*,*,#762,.F.);
#982=ORIENTED_EDGE('',*,*,#757,.F.);
#983=ORIENTED_EDGE('',*,*,#763,.F.);
#984=ORIENTED_EDGE('',*,*,#764,.T.);
#985=ORIENTED_EDGE('',*,*,#765,.F.);
#986=ORIENTED_EDGE('',*,*,#761,.F.);
#987=ORIENTED_EDGE('',*,*,#766,.F.);
#988=ORIENTED_EDGE('',*,*,#759,.T.);
#989=ORIENTED_EDGE('',*,*,#767,.F.);
#990=ORIENTED_EDGE('',*,*,#764,.F.);
#991=ORIENTED_EDGE('',*,*,#768,.F.);
#992=ORIENTED_EDGE('',*,*,#769,.T.);
#993=ORIENTED_EDGE('',*,*,#770,.F.);
#994=ORIENTED_EDGE('',*,*,#771,.F.);
#995=ORIENTED_EDGE('',*,*,#772,.F.);
#996=ORIENTED_EDGE('',*,*,#773,.T.);
#997=ORIENTED_EDGE('',*,*,#774,.F.);
#998=ORIENTED_EDGE('',*,*,#769,.F.);
#999=ORIENTED_EDGE('',*,*,#775,.F.);
#1000=ORIENTED_EDGE('',*,*,#776,.T.);
#1001=ORIENTED_EDGE('',*,*,#777,.F.);
#1002=ORIENTED_EDGE('',*,*,#773,.F.);
#1003=ORIENTED_EDGE('',*,*,#778,.F.);
#1004=ORIENTED_EDGE('',*,*,#771,.T.);
#1005=ORIENTED_EDGE('',*,*,#779,.F.);
#1006=ORIENTED_EDGE('',*,*,#776,.F.);
#1007=ORIENTED_EDGE('',*,*,#780,.F.);
#1008=ORIENTED_EDGE('',*,*,#781,.T.);
#1009=ORIENTED_EDGE('',*,*,#782,.F.);
#1010=ORIENTED_EDGE('',*,*,#783,.F.);
#1011=ORIENTED_EDGE('',*,*,#784,.F.);
#1012=ORIENTED_EDGE('',*,*,#785,.T.);
#1013=ORIENTED_EDGE('',*,*,#786,.F.);
#1014=ORIENTED_EDGE('',*,*,#781,.F.);
#1015=ORIENTED_EDGE('',*,*,#787,.F.);
#1016=ORIENTED_EDGE('',*,*,#788,.T.);
#1017=ORIENTED_EDGE('',*,*,#789,.F.);
#1018=ORIENTED_EDGE('',*,*,#785,.F.);
#1019=ORIENTED_EDGE('',*,*,#790,.F.);
#1020=ORIENTED_EDGE('',*,*,#783,.T.);
#1021=ORIENTED_EDGE('',*,*,#791,.F.);
#1022=ORIENTED_EDGE('',*,*,#788,.F.);
#1023=ORIENTED_EDGE('',*,*,#792,.F.);
#1024=ORIENTED_EDGE('',*,*,#793,.T.);
#1025=ORIENTED_EDGE('',*,*,#794,.F.);
#1026=ORIENTED_EDGE('',*,*,#795,.F.);
#1027=ORIENTED_EDGE('',*,*,#796,.F.);
#1028=ORIENTED_EDGE('',*,*,#795,.T.);
#1029=ORIENTED_EDGE('',*,*,#797,.F.);
#1030=ORIENTED_EDGE('',*,*,#798,.F.);
#1031=ORIENTED_EDGE('',*,*,#799,.F.);
#1032=ORIENTED_EDGE('',*,*,#798,.T.);
#1033=ORIENTED_EDGE('',*,*,#800,.F.);
#1034=ORIENTED_EDGE('',*,*,#801,.F.);
#1035=ORIENTED_EDGE('',*,*,#802,.F.);
#1036=ORIENTED_EDGE('',*,*,#801,.T.);
#1037=ORIENTED_EDGE('',*,*,#803,.F.);
#1038=ORIENTED_EDGE('',*,*,#793,.F.);
#1039=ORIENTED_EDGE('',*,*,#803,.T.);
#1040=ORIENTED_EDGE('',*,*,#800,.T.);
#1041=ORIENTED_EDGE('',*,*,#797,.T.);
#1042=ORIENTED_EDGE('',*,*,#794,.T.);
#1043=ORIENTED_EDGE('',*,*,#758,.T.);
#1044=ORIENTED_EDGE('',*,*,#762,.T.);
#1045=ORIENTED_EDGE('',*,*,#765,.T.);
#1046=ORIENTED_EDGE('',*,*,#767,.T.);
#1047=ORIENTED_EDGE('',*,*,#770,.T.);
#1048=ORIENTED_EDGE('',*,*,#774,.T.);
#1049=ORIENTED_EDGE('',*,*,#777,.T.);
#1050=ORIENTED_EDGE('',*,*,#779,.T.);
#1051=ORIENTED_EDGE('',*,*,#782,.T.);
#1052=ORIENTED_EDGE('',*,*,#786,.T.);
#1053=ORIENTED_EDGE('',*,*,#789,.T.);
#1054=ORIENTED_EDGE('',*,*,#791,.T.);
#1055=ORIENTED_EDGE('',*,*,#804,.T.);
#1056=ORIENTED_EDGE('',*,*,#805,.T.);
#1057=ORIENTED_EDGE('',*,*,#806,.T.);
#1058=ORIENTED_EDGE('',*,*,#807,.T.);
#1059=ORIENTED_EDGE('',*,*,#792,.T.);
#1060=ORIENTED_EDGE('',*,*,#796,.T.);
#1061=ORIENTED_EDGE('',*,*,#799,.T.);
#1062=ORIENTED_EDGE('',*,*,#802,.T.);
#1063=ORIENTED_EDGE('',*,*,#780,.T.);
#1064=ORIENTED_EDGE('',*,*,#790,.T.);
#1065=ORIENTED_EDGE('',*,*,#787,.T.);
#1066=ORIENTED_EDGE('',*,*,#784,.T.);
#1067=ORIENTED_EDGE('',*,*,#768,.T.);
#1068=ORIENTED_EDGE('',*,*,#778,.T.);
#1069=ORIENTED_EDGE('',*,*,#775,.T.);
#1070=ORIENTED_EDGE('',*,*,#772,.T.);
#1071=ORIENTED_EDGE('',*,*,#808,.F.);
#1072=ORIENTED_EDGE('',*,*,#809,.T.);
#1073=ORIENTED_EDGE('',*,*,#807,.F.);
#1074=ORIENTED_EDGE('',*,*,#810,.F.);
#1075=ORIENTED_EDGE('',*,*,#811,.F.);
#1076=ORIENTED_EDGE('',*,*,#810,.T.);
#1077=ORIENTED_EDGE('',*,*,#806,.F.);
#1078=ORIENTED_EDGE('',*,*,#812,.F.);
#1079=ORIENTED_EDGE('',*,*,#813,.F.);
#1080=ORIENTED_EDGE('',*,*,#812,.T.);
#1081=ORIENTED_EDGE('',*,*,#805,.F.);
#1082=ORIENTED_EDGE('',*,*,#814,.F.);
#1083=ORIENTED_EDGE('',*,*,#815,.F.);
#1084=ORIENTED_EDGE('',*,*,#814,.T.);
#1085=ORIENTED_EDGE('',*,*,#804,.F.);
#1086=ORIENTED_EDGE('',*,*,#809,.F.);
#1087=ORIENTED_EDGE('',*,*,#756,.T.);
#1088=ORIENTED_EDGE('',*,*,#766,.T.);
#1089=ORIENTED_EDGE('',*,*,#763,.T.);
#1090=ORIENTED_EDGE('',*,*,#760,.T.);
#1091=ORIENTED_EDGE('',*,*,#816,.F.);
#1092=ORIENTED_EDGE('',*,*,#817,.T.);
#1093=ORIENTED_EDGE('',*,*,#818,.F.);
#1094=ORIENTED_EDGE('',*,*,#817,.F.);
#1095=ORIENTED_EDGE('',*,*,#816,.T.);
#1096=ORIENTED_EDGE('',*,*,#819,.F.);
#1097=ORIENTED_EDGE('',*,*,#820,.T.);
#1098=ORIENTED_EDGE('',*,*,#821,.T.);
#1099=ORIENTED_EDGE('',*,*,#822,.T.);
#1100=ORIENTED_EDGE('',*,*,#820,.F.);
#1101=ORIENTED_EDGE('',*,*,#823,.F.);
#1102=ORIENTED_EDGE('',*,*,#824,.F.);
#1103=ORIENTED_EDGE('',*,*,#825,.F.);
#1104=ORIENTED_EDGE('',*,*,#826,.F.);
#1105=ORIENTED_EDGE('',*,*,#827,.F.);
#1106=ORIENTED_EDGE('',*,*,#828,.F.);
#1107=ORIENTED_EDGE('',*,*,#829,.F.);
#1108=ORIENTED_EDGE('',*,*,#830,.T.);
#1109=ORIENTED_EDGE('',*,*,#831,.T.);
#1110=ORIENTED_EDGE('',*,*,#827,.T.);
#1111=ORIENTED_EDGE('',*,*,#819,.T.);
#1112=ORIENTED_EDGE('',*,*,#832,.T.);
#1113=ORIENTED_EDGE('',*,*,#833,.T.);
#1114=ORIENTED_EDGE('',*,*,#834,.T.);
#1115=ORIENTED_EDGE('',*,*,#829,.T.);
#1116=ORIENTED_EDGE('',*,*,#826,.T.);
#1117=ORIENTED_EDGE('',*,*,#835,.T.);
#1118=ORIENTED_EDGE('',*,*,#836,.T.);
#1119=ORIENTED_EDGE('',*,*,#837,.T.);
#1120=ORIENTED_EDGE('',*,*,#838,.T.);
#1121=ORIENTED_EDGE('',*,*,#839,.T.);
#1122=ORIENTED_EDGE('',*,*,#823,.T.);
#1123=ORIENTED_EDGE('',*,*,#822,.F.);
#1124=ORIENTED_EDGE('',*,*,#840,.F.);
#1125=ORIENTED_EDGE('',*,*,#841,.F.);
#1126=ORIENTED_EDGE('',*,*,#832,.F.);
#1127=ORIENTED_EDGE('',*,*,#833,.F.);
#1128=ORIENTED_EDGE('',*,*,#841,.T.);
#1129=ORIENTED_EDGE('',*,*,#842,.F.);
#1130=ORIENTED_EDGE('',*,*,#843,.F.);
#1131=ORIENTED_EDGE('',*,*,#830,.F.);
#1132=ORIENTED_EDGE('',*,*,#834,.F.);
#1133=ORIENTED_EDGE('',*,*,#843,.T.);
#1134=ORIENTED_EDGE('',*,*,#844,.F.);
#1135=ORIENTED_EDGE('',*,*,#844,.T.);
#1136=ORIENTED_EDGE('',*,*,#842,.T.);
#1137=ORIENTED_EDGE('',*,*,#840,.T.);
#1138=ORIENTED_EDGE('',*,*,#821,.F.);
#1139=ORIENTED_EDGE('',*,*,#828,.T.);
#1140=ORIENTED_EDGE('',*,*,#831,.F.);
#1141=ORIENTED_EDGE('',*,*,#818,.T.);
#1142=ORIENTED_EDGE('',*,*,#825,.T.);
#1143=ORIENTED_EDGE('',*,*,#845,.T.);
#1144=ORIENTED_EDGE('',*,*,#846,.T.);
#1145=ORIENTED_EDGE('',*,*,#847,.T.);
#1146=ORIENTED_EDGE('',*,*,#824,.T.);
#1147=ORIENTED_EDGE('',*,*,#848,.T.);
#1148=ORIENTED_EDGE('',*,*,#849,.T.);
#1149=ORIENTED_EDGE('',*,*,#850,.T.);
#1150=ORIENTED_EDGE('',*,*,#851,.F.);
#1151=ORIENTED_EDGE('',*,*,#852,.T.);
#1152=ORIENTED_EDGE('',*,*,#849,.F.);
#1153=ORIENTED_EDGE('',*,*,#853,.F.);
#1154=ORIENTED_EDGE('',*,*,#854,.F.);
#1155=ORIENTED_EDGE('',*,*,#855,.T.);
#1156=ORIENTED_EDGE('',*,*,#838,.F.);
#1157=ORIENTED_EDGE('',*,*,#856,.F.);
#1158=ORIENTED_EDGE('',*,*,#857,.F.);
#1159=ORIENTED_EDGE('',*,*,#856,.T.);
#1160=ORIENTED_EDGE('',*,*,#837,.F.);
#1161=ORIENTED_EDGE('',*,*,#858,.F.);
#1162=ORIENTED_EDGE('',*,*,#859,.F.);
#1163=ORIENTED_EDGE('',*,*,#858,.T.);
#1164=ORIENTED_EDGE('',*,*,#836,.F.);
#1165=ORIENTED_EDGE('',*,*,#860,.F.);
#1166=ORIENTED_EDGE('',*,*,#861,.F.);
#1167=ORIENTED_EDGE('',*,*,#862,.T.);
#1168=ORIENTED_EDGE('',*,*,#846,.F.);
#1169=ORIENTED_EDGE('',*,*,#863,.F.);
#1170=ORIENTED_EDGE('',*,*,#864,.F.);
#1171=ORIENTED_EDGE('',*,*,#863,.T.);
#1172=ORIENTED_EDGE('',*,*,#845,.F.);
#1173=ORIENTED_EDGE('',*,*,#850,.F.);
#1174=ORIENTED_EDGE('',*,*,#852,.F.);
#1175=ORIENTED_EDGE('',*,*,#861,.T.);
#1176=ORIENTED_EDGE('',*,*,#864,.T.);
#1177=ORIENTED_EDGE('',*,*,#851,.T.);
#1178=ORIENTED_EDGE('',*,*,#865,.T.);
#1179=ORIENTED_EDGE('',*,*,#866,.F.);
#1180=ORIENTED_EDGE('',*,*,#867,.T.);
#1181=ORIENTED_EDGE('',*,*,#868,.T.);
#1182=ORIENTED_EDGE('',*,*,#869,.T.);
#1183=ORIENTED_EDGE('',*,*,#870,.T.);
#1184=ORIENTED_EDGE('',*,*,#871,.T.);
#1185=ORIENTED_EDGE('',*,*,#872,.F.);
#1186=ORIENTED_EDGE('',*,*,#873,.T.);
#1187=ORIENTED_EDGE('',*,*,#866,.T.);
#1188=ORIENTED_EDGE('',*,*,#874,.T.);
#1189=ORIENTED_EDGE('',*,*,#875,.T.);
#1190=ORIENTED_EDGE('',*,*,#876,.T.);
#1191=ORIENTED_EDGE('',*,*,#876,.F.);
#1192=ORIENTED_EDGE('',*,*,#877,.T.);
#1193=ORIENTED_EDGE('',*,*,#878,.T.);
#1194=ORIENTED_EDGE('',*,*,#867,.F.);
#1195=ORIENTED_EDGE('',*,*,#875,.F.);
#1196=ORIENTED_EDGE('',*,*,#879,.F.);
#1197=ORIENTED_EDGE('',*,*,#880,.T.);
#1198=ORIENTED_EDGE('',*,*,#881,.T.);
#1199=ORIENTED_EDGE('',*,*,#882,.T.);
#1200=ORIENTED_EDGE('',*,*,#883,.F.);
#1201=ORIENTED_EDGE('',*,*,#884,.F.);
#1202=ORIENTED_EDGE('',*,*,#885,.F.);
#1203=ORIENTED_EDGE('',*,*,#886,.F.);
#1204=ORIENTED_EDGE('',*,*,#887,.F.);
#1205=ORIENTED_EDGE('',*,*,#888,.F.);
#1206=ORIENTED_EDGE('',*,*,#877,.F.);
#1207=ORIENTED_EDGE('',*,*,#872,.T.);
#1208=ORIENTED_EDGE('',*,*,#889,.T.);
#1209=ORIENTED_EDGE('',*,*,#884,.T.);
#1210=ORIENTED_EDGE('',*,*,#890,.T.);
#1211=ORIENTED_EDGE('',*,*,#890,.F.);
#1212=ORIENTED_EDGE('',*,*,#883,.T.);
#1213=ORIENTED_EDGE('',*,*,#891,.F.);
#1214=ORIENTED_EDGE('',*,*,#892,.T.);
#1215=ORIENTED_EDGE('',*,*,#893,.F.);
#1216=ORIENTED_EDGE('',*,*,#894,.F.);
#1217=ORIENTED_EDGE('',*,*,#895,.T.);
#1218=ORIENTED_EDGE('',*,*,#896,.T.);
#1219=ORIENTED_EDGE('',*,*,#897,.F.);
#1220=ORIENTED_EDGE('',*,*,#898,.F.);
#1221=ORIENTED_EDGE('',*,*,#860,.T.);
#1222=ORIENTED_EDGE('',*,*,#835,.F.);
#1223=ORIENTED_EDGE('',*,*,#847,.F.);
#1224=ORIENTED_EDGE('',*,*,#862,.F.);
#1225=ORIENTED_EDGE('',*,*,#873,.F.);
#1226=ORIENTED_EDGE('',*,*,#808,.T.);
#1227=ORIENTED_EDGE('',*,*,#811,.T.);
#1228=ORIENTED_EDGE('',*,*,#813,.T.);
#1229=ORIENTED_EDGE('',*,*,#815,.T.);
#1230=ORIENTED_EDGE('',*,*,#899,.T.);
#1231=ORIENTED_EDGE('',*,*,#897,.T.);
#1232=ORIENTED_EDGE('',*,*,#900,.T.);
#1233=ORIENTED_EDGE('',*,*,#901,.T.);
#1234=ORIENTED_EDGE('',*,*,#901,.F.);
#1235=ORIENTED_EDGE('',*,*,#902,.T.);
#1236=ORIENTED_EDGE('',*,*,#903,.T.);
#1237=ORIENTED_EDGE('',*,*,#904,.F.);
#1238=ORIENTED_EDGE('',*,*,#900,.F.);
#1239=ORIENTED_EDGE('',*,*,#896,.F.);
#1240=ORIENTED_EDGE('',*,*,#905,.T.);
#1241=ORIENTED_EDGE('',*,*,#906,.T.);
#1242=ORIENTED_EDGE('',*,*,#907,.T.);
#1243=ORIENTED_EDGE('',*,*,#908,.F.);
#1244=ORIENTED_EDGE('',*,*,#909,.F.);
#1245=ORIENTED_EDGE('',*,*,#910,.F.);
#1246=ORIENTED_EDGE('',*,*,#911,.F.);
#1247=ORIENTED_EDGE('',*,*,#912,.F.);
#1248=ORIENTED_EDGE('',*,*,#913,.F.);
#1249=ORIENTED_EDGE('',*,*,#902,.F.);
#1250=ORIENTED_EDGE('',*,*,#914,.T.);
#1251=ORIENTED_EDGE('',*,*,#915,.T.);
#1252=ORIENTED_EDGE('',*,*,#909,.T.);
#1253=ORIENTED_EDGE('',*,*,#916,.T.);
#1254=ORIENTED_EDGE('',*,*,#874,.F.);
#1255=ORIENTED_EDGE('',*,*,#865,.F.);
#1256=ORIENTED_EDGE('',*,*,#853,.T.);
#1257=ORIENTED_EDGE('',*,*,#848,.F.);
#1258=ORIENTED_EDGE('',*,*,#839,.F.);
#1259=ORIENTED_EDGE('',*,*,#855,.F.);
#1260=ORIENTED_EDGE('',*,*,#917,.F.);
#1261=ORIENTED_EDGE('',*,*,#916,.F.);
#1262=ORIENTED_EDGE('',*,*,#908,.T.);
#1263=ORIENTED_EDGE('',*,*,#918,.F.);
#1264=ORIENTED_EDGE('',*,*,#919,.T.);
#1265=ORIENTED_EDGE('',*,*,#920,.F.);
#1266=ORIENTED_EDGE('',*,*,#921,.F.);
#1267=ORIENTED_EDGE('',*,*,#922,.T.);
#1268=ORIENTED_EDGE('',*,*,#879,.T.);
#1269=ORIENTED_EDGE('',*,*,#889,.F.);
#1270=ORIENTED_EDGE('',*,*,#871,.F.);
#1271=ORIENTED_EDGE('',*,*,#923,.F.);
#1272=ORIENTED_EDGE('',*,*,#885,.T.);
#1273=ORIENTED_EDGE('',*,*,#886,.T.);
#1274=ORIENTED_EDGE('',*,*,#923,.T.);
#1275=ORIENTED_EDGE('',*,*,#870,.F.);
#1276=ORIENTED_EDGE('',*,*,#924,.F.);
#1277=ORIENTED_EDGE('',*,*,#887,.T.);
#1278=ORIENTED_EDGE('',*,*,#924,.T.);
#1279=ORIENTED_EDGE('',*,*,#869,.F.);
#1280=ORIENTED_EDGE('',*,*,#925,.F.);
#1281=ORIENTED_EDGE('',*,*,#888,.T.);
#1282=ORIENTED_EDGE('',*,*,#925,.T.);
#1283=ORIENTED_EDGE('',*,*,#868,.F.);
#1284=ORIENTED_EDGE('',*,*,#878,.F.);
#1285=ORIENTED_EDGE('',*,*,#915,.F.);
#1286=ORIENTED_EDGE('',*,*,#926,.F.);
#1287=ORIENTED_EDGE('',*,*,#927,.F.);
#1288=ORIENTED_EDGE('',*,*,#910,.T.);
#1289=ORIENTED_EDGE('',*,*,#911,.T.);
#1290=ORIENTED_EDGE('',*,*,#927,.T.);
#1291=ORIENTED_EDGE('',*,*,#928,.F.);
#1292=ORIENTED_EDGE('',*,*,#929,.F.);
#1293=ORIENTED_EDGE('',*,*,#912,.T.);
#1294=ORIENTED_EDGE('',*,*,#929,.T.);
#1295=ORIENTED_EDGE('',*,*,#930,.F.);
#1296=ORIENTED_EDGE('',*,*,#931,.F.);
#1297=ORIENTED_EDGE('',*,*,#913,.T.);
#1298=ORIENTED_EDGE('',*,*,#931,.T.);
#1299=ORIENTED_EDGE('',*,*,#932,.F.);
#1300=ORIENTED_EDGE('',*,*,#903,.F.);
#1301=ORIENTED_EDGE('',*,*,#859,.T.);
#1302=ORIENTED_EDGE('',*,*,#898,.T.);
#1303=ORIENTED_EDGE('',*,*,#899,.F.);
#1304=ORIENTED_EDGE('',*,*,#904,.T.);
#1305=ORIENTED_EDGE('',*,*,#932,.T.);
#1306=ORIENTED_EDGE('',*,*,#930,.T.);
#1307=ORIENTED_EDGE('',*,*,#928,.T.);
#1308=ORIENTED_EDGE('',*,*,#926,.T.);
#1309=ORIENTED_EDGE('',*,*,#914,.F.);
#1310=ORIENTED_EDGE('',*,*,#917,.T.);
#1311=ORIENTED_EDGE('',*,*,#854,.T.);
#1312=ORIENTED_EDGE('',*,*,#857,.T.);
#1313=ORIENTED_EDGE('',*,*,#933,.T.);
#1314=ORIENTED_EDGE('',*,*,#893,.T.);
#1315=ORIENTED_EDGE('',*,*,#934,.T.);
#1316=ORIENTED_EDGE('',*,*,#935,.T.);
#1317=ORIENTED_EDGE('',*,*,#933,.F.);
#1318=ORIENTED_EDGE('',*,*,#936,.T.);
#1319=ORIENTED_EDGE('',*,*,#937,.F.);
#1320=ORIENTED_EDGE('',*,*,#938,.T.);
#1321=ORIENTED_EDGE('',*,*,#939,.T.);
#1322=ORIENTED_EDGE('',*,*,#921,.T.);
#1323=ORIENTED_EDGE('',*,*,#940,.F.);
#1324=ORIENTED_EDGE('',*,*,#941,.T.);
#1325=ORIENTED_EDGE('',*,*,#942,.F.);
#1326=ORIENTED_EDGE('',*,*,#943,.T.);
#1327=ORIENTED_EDGE('',*,*,#944,.T.);
#1328=ORIENTED_EDGE('',*,*,#894,.T.);
#1329=ORIENTED_EDGE('',*,*,#935,.F.);
#1330=ORIENTED_EDGE('',*,*,#945,.T.);
#1331=ORIENTED_EDGE('',*,*,#946,.F.);
#1332=ORIENTED_EDGE('',*,*,#936,.F.);
#1333=ORIENTED_EDGE('',*,*,#937,.T.);
#1334=ORIENTED_EDGE('',*,*,#946,.T.);
#1335=ORIENTED_EDGE('',*,*,#947,.T.);
#1336=ORIENTED_EDGE('',*,*,#948,.T.);
#1337=ORIENTED_EDGE('',*,*,#942,.T.);
#1338=ORIENTED_EDGE('',*,*,#949,.T.);
#1339=ORIENTED_EDGE('',*,*,#950,.T.);
#1340=ORIENTED_EDGE('',*,*,#951,.T.);
#1341=ORIENTED_EDGE('',*,*,#949,.F.);
#1342=ORIENTED_EDGE('',*,*,#941,.F.);
#1343=ORIENTED_EDGE('',*,*,#952,.F.);
#1344=ORIENTED_EDGE('',*,*,#953,.T.);
#1345=ORIENTED_EDGE('',*,*,#940,.T.);
#1346=ORIENTED_EDGE('',*,*,#920,.T.);
#1347=ORIENTED_EDGE('',*,*,#954,.T.);
#1348=ORIENTED_EDGE('',*,*,#952,.T.);
#1349=ORIENTED_EDGE('',*,*,#892,.F.);
#1350=ORIENTED_EDGE('',*,*,#955,.F.);
#1351=ORIENTED_EDGE('',*,*,#956,.F.);
#1352=ORIENTED_EDGE('',*,*,#947,.F.);
#1353=ORIENTED_EDGE('',*,*,#945,.F.);
#1354=ORIENTED_EDGE('',*,*,#934,.F.);
#1355=ORIENTED_EDGE('',*,*,#957,.F.);
#1356=ORIENTED_EDGE('',*,*,#950,.F.);
#1357=ORIENTED_EDGE('',*,*,#953,.F.);
#1358=ORIENTED_EDGE('',*,*,#954,.F.);
#1359=ORIENTED_EDGE('',*,*,#919,.F.);
#1360=ORIENTED_EDGE('',*,*,#958,.F.);
#1361=ORIENTED_EDGE('',*,*,#958,.T.);
#1362=ORIENTED_EDGE('',*,*,#918,.T.);
#1363=ORIENTED_EDGE('',*,*,#907,.F.);
#1364=ORIENTED_EDGE('',*,*,#959,.F.);
#1365=ORIENTED_EDGE('',*,*,#957,.T.);
#1366=ORIENTED_EDGE('',*,*,#959,.T.);
#1367=ORIENTED_EDGE('',*,*,#906,.F.);
#1368=ORIENTED_EDGE('',*,*,#960,.F.);
#1369=ORIENTED_EDGE('',*,*,#943,.F.);
#1370=ORIENTED_EDGE('',*,*,#951,.F.);
#1371=ORIENTED_EDGE('',*,*,#944,.F.);
#1372=ORIENTED_EDGE('',*,*,#960,.T.);
#1373=ORIENTED_EDGE('',*,*,#905,.F.);
#1374=ORIENTED_EDGE('',*,*,#895,.F.);
#1375=ORIENTED_EDGE('',*,*,#955,.T.);
#1376=ORIENTED_EDGE('',*,*,#891,.T.);
#1377=ORIENTED_EDGE('',*,*,#882,.F.);
#1378=ORIENTED_EDGE('',*,*,#961,.F.);
#1379=ORIENTED_EDGE('',*,*,#956,.T.);
#1380=ORIENTED_EDGE('',*,*,#961,.T.);
#1381=ORIENTED_EDGE('',*,*,#881,.F.);
#1382=ORIENTED_EDGE('',*,*,#962,.F.);
#1383=ORIENTED_EDGE('',*,*,#938,.F.);
#1384=ORIENTED_EDGE('',*,*,#948,.F.);
#1385=ORIENTED_EDGE('',*,*,#939,.F.);
#1386=ORIENTED_EDGE('',*,*,#962,.T.);
#1387=ORIENTED_EDGE('',*,*,#880,.F.);
#1388=ORIENTED_EDGE('',*,*,#922,.F.);
#1389=ORIENTED_EDGE('',*,*,#963,.F.);
#1390=ORIENTED_EDGE('',*,*,#964,.F.);
#1391=ORIENTED_EDGE('',*,*,#965,.T.);
#1392=ORIENTED_EDGE('',*,*,#965,.F.);
#1393=ORIENTED_EDGE('',*,*,#963,.T.);
#1394=ORIENTED_EDGE('',*,*,#964,.T.);
#1395=ORIENTED_EDGE('',*,*,#966,.F.);
#1396=ORIENTED_EDGE('',*,*,#967,.F.);
#1397=ORIENTED_EDGE('',*,*,#968,.T.);
#1398=ORIENTED_EDGE('',*,*,#968,.F.);
#1399=ORIENTED_EDGE('',*,*,#966,.T.);
#1400=ORIENTED_EDGE('',*,*,#967,.T.);
#1401=ORIENTED_EDGE('',*,*,#969,.F.);
#1402=ORIENTED_EDGE('',*,*,#970,.T.);
#1403=ORIENTED_EDGE('',*,*,#971,.F.);
#1404=ORIENTED_EDGE('',*,*,#970,.F.);
#1405=ORIENTED_EDGE('',*,*,#972,.F.);
#1406=ORIENTED_EDGE('',*,*,#973,.T.);
#1407=ORIENTED_EDGE('',*,*,#974,.F.);
#1408=ORIENTED_EDGE('',*,*,#973,.F.);
#1409=ORIENTED_EDGE('',*,*,#974,.T.);
#1410=ORIENTED_EDGE('',*,*,#969,.T.);
#1411=ORIENTED_EDGE('',*,*,#972,.T.);
#1412=ORIENTED_EDGE('',*,*,#971,.T.);
#1413=PLANE('',#1663);
#1414=PLANE('',#1664);
#1415=PLANE('',#1665);
#1416=PLANE('',#1666);
#1417=PLANE('',#1667);
#1418=PLANE('',#1668);
#1419=PLANE('',#1669);
#1420=PLANE('',#1670);
#1421=PLANE('',#1671);
#1422=PLANE('',#1672);
#1423=PLANE('',#1673);
#1424=PLANE('',#1674);
#1425=PLANE('',#1675);
#1426=PLANE('',#1676);
#1427=PLANE('',#1677);
#1428=PLANE('',#1678);
#1429=PLANE('',#1679);
#1430=PLANE('',#1680);
#1431=PLANE('',#1681);
#1432=PLANE('',#1682);
#1433=PLANE('',#1683);
#1434=PLANE('',#1684);
#1435=PLANE('',#1685);
#1436=PLANE('',#1686);
#1437=PLANE('',#1687);
#1438=PLANE('',#1691);
#1439=PLANE('',#1704);
#1440=PLANE('',#1708);
#1441=PLANE('',#1711);
#1442=PLANE('',#1712);
#1443=PLANE('',#1713);
#1444=PLANE('',#1715);
#1445=PLANE('',#1721);
#1446=PLANE('',#1726);
#1447=PLANE('',#1727);
#1448=PLANE('',#1733);
#1449=PLANE('',#1734);
#1450=PLANE('',#1740);
#1451=PLANE('',#1744);
#1452=PLANE('',#1745);
#1453=PLANE('',#1752);
#1454=PLANE('',#1753);
#1455=PLANE('',#1754);
#1456=PLANE('',#1756);
#1457=PLANE('',#1757);
#1458=PLANE('',#1758);
#1459=PLANE('',#1761);
#1460=PLANE('',#1762);
#1461=PLANE('',#1766);
#1462=PLANE('',#1784);
#1463=PLANE('',#1786);
#1464=PLANE('',#1789);
#1465=PLANE('',#1792);
#1466=PLANE('',#1798);
#1467=PLANE('',#1803);
#1468=PLANE('',#1810);
#1469=PLANE('',#1811);
#1470=STYLED_ITEM('',(#2741),#1554);
#1471=STYLED_ITEM('',(#2741),#1555);
#1472=STYLED_ITEM('',(#2741),#1556);
#1473=STYLED_ITEM('',(#2741),#1557);
#1474=STYLED_ITEM('',(#2741),#1558);
#1475=STYLED_ITEM('',(#2741),#1559);
#1476=STYLED_ITEM('',(#2741),#1560);
#1477=STYLED_ITEM('',(#2741),#1561);
#1478=STYLED_ITEM('',(#2741),#1562);
#1479=STYLED_ITEM('',(#2741),#1563);
#1480=STYLED_ITEM('',(#2741),#1564);
#1481=STYLED_ITEM('',(#2741),#1565);
#1482=STYLED_ITEM('',(#2741),#1566);
#1483=STYLED_ITEM('',(#2741),#1567);
#1484=STYLED_ITEM('',(#2741),#1568);
#1485=STYLED_ITEM('',(#2741),#1569);
#1486=STYLED_ITEM('',(#2741),#1570);
#1487=STYLED_ITEM('',(#2742),#1571);
#1488=STYLED_ITEM('',(#2742),#1572);
#1489=STYLED_ITEM('',(#2741),#1573);
#1490=STYLED_ITEM('',(#2742),#1574);
#1491=STYLED_ITEM('',(#2742),#1575);
#1492=STYLED_ITEM('',(#2742),#1576);
#1493=STYLED_ITEM('',(#2742),#1577);
#1494=STYLED_ITEM('',(#2742),#1578);
#1495=STYLED_ITEM('',(#2743),#1581);
#1496=STYLED_ITEM('',(#2743),#1582);
#1497=STYLED_ITEM('',(#2743),#1583);
#1498=STYLED_ITEM('',(#2743),#1584);
#1499=STYLED_ITEM('',(#2743),#1585);
#1500=STYLED_ITEM('',(#2743),#1586);
#1501=STYLED_ITEM('',(#2743),#1587);
#1502=STYLED_ITEM('',(#2743),#1588);
#1503=STYLED_ITEM('',(#2743),#1589);
#1504=STYLED_ITEM('',(#2743),#1590);
#1505=STYLED_ITEM('',(#2743),#1591);
#1506=STYLED_ITEM('',(#2743),#1592);
#1507=STYLED_ITEM('',(#2743),#1593);
#1508=STYLED_ITEM('',(#2743),#1594);
#1509=STYLED_ITEM('',(#2743),#1595);
#1510=STYLED_ITEM('',(#2743),#1596);
#1511=STYLED_ITEM('',(#2743),#1597);
#1512=STYLED_ITEM('',(#2743),#1598);
#1513=STYLED_ITEM('',(#2743),#1599);
#1514=STYLED_ITEM('',(#2743),#1600);
#1515=STYLED_ITEM('',(#2743),#1601);
#1516=STYLED_ITEM('',(#2743),#1602);
#1517=STYLED_ITEM('',(#2743),#1603);
#1518=STYLED_ITEM('',(#2743),#1604);
#1519=STYLED_ITEM('',(#2743),#1605);
#1520=STYLED_ITEM('',(#2743),#1606);
#1521=STYLED_ITEM('',(#2743),#1607);
#1522=STYLED_ITEM('',(#2743),#1608);
#1523=STYLED_ITEM('',(#2743),#1609);
#1524=STYLED_ITEM('',(#2743),#1610);
#1525=STYLED_ITEM('',(#2743),#1611);
#1526=STYLED_ITEM('',(#2743),#1612);
#1527=STYLED_ITEM('',(#2743),#1613);
#1528=STYLED_ITEM('',(#2743),#1614);
#1529=STYLED_ITEM('',(#2743),#1615);
#1530=STYLED_ITEM('',(#2743),#1616);
#1531=STYLED_ITEM('',(#2743),#1617);
#1532=STYLED_ITEM('',(#2743),#1618);
#1533=STYLED_ITEM('',(#2743),#1619);
#1534=STYLED_ITEM('',(#2743),#1620);
#1535=STYLED_ITEM('',(#2743),#1621);
#1536=STYLED_ITEM('',(#2743),#1622);
#1537=STYLED_ITEM('',(#2743),#1623);
#1538=STYLED_ITEM('',(#2743),#1624);
#1539=STYLED_ITEM('',(#2743),#1625);
#1540=STYLED_ITEM('',(#2743),#1626);
#1541=STYLED_ITEM('',(#2743),#1627);
#1542=STYLED_ITEM('',(#2743),#1628);
#1543=STYLED_ITEM('',(#2743),#1629);
#1544=STYLED_ITEM('',(#2743),#1630);
#1545=STYLED_ITEM('',(#2743),#1631);
#1546=STYLED_ITEM('',(#2740),#15);
#1547=STYLED_ITEM('',(#2740),#16);
#1548=STYLED_ITEM('',(#2740),#17);
#1549=STYLED_ITEM('',(#2744),#1636);
#1550=STYLED_ITEM('',(#2744),#1637);
#1551=STYLED_ITEM('',(#2744),#1638);
#1552=STYLED_ITEM('',(#2744),#1639);
#1553=STYLED_ITEM('',(#2740),#18);
#1554=ADVANCED_FACE('',(#117),#1413,.F.);
#1555=ADVANCED_FACE('',(#118),#1414,.F.);
#1556=ADVANCED_FACE('',(#119),#1415,.F.);
#1557=ADVANCED_FACE('',(#120),#1416,.F.);
#1558=ADVANCED_FACE('',(#121),#1417,.F.);
#1559=ADVANCED_FACE('',(#122),#1418,.F.);
#1560=ADVANCED_FACE('',(#123),#1419,.F.);
#1561=ADVANCED_FACE('',(#124),#1420,.F.);
#1562=ADVANCED_FACE('',(#125),#1421,.F.);
#1563=ADVANCED_FACE('',(#126),#1422,.F.);
#1564=ADVANCED_FACE('',(#127),#1423,.F.);
#1565=ADVANCED_FACE('',(#128),#1424,.F.);
#1566=ADVANCED_FACE('',(#129),#1425,.T.);
#1567=ADVANCED_FACE('',(#130),#1426,.T.);
#1568=ADVANCED_FACE('',(#131),#1427,.T.);
#1569=ADVANCED_FACE('',(#132),#1428,.T.);
#1570=ADVANCED_FACE('',(#133,#109,#110,#111),#1429,.T.);
#1571=ADVANCED_FACE('',(#134,#112),#1430,.T.);
#1572=ADVANCED_FACE('',(#135),#1431,.T.);
#1573=ADVANCED_FACE('',(#136),#1432,.T.);
#1574=ADVANCED_FACE('',(#137),#1433,.T.);
#1575=ADVANCED_FACE('',(#138),#1434,.T.);
#1576=ADVANCED_FACE('',(#139),#1435,.T.);
#1577=ADVANCED_FACE('',(#140),#1436,.T.);
#1578=ADVANCED_FACE('',(#141),#1437,.T.);
#1579=ADVANCED_FACE('',(#142),#82,.T.);
#1580=ADVANCED_FACE('',(#143),#1438,.F.);
#1581=ADVANCED_FACE('',(#144),#83,.F.);
#1582=ADVANCED_FACE('',(#145),#84,.T.);
#1583=ADVANCED_FACE('',(#146),#85,.F.);
#1584=ADVANCED_FACE('',(#147),#1439,.T.);
#1585=ADVANCED_FACE('',(#148),#1440,.T.);
#1586=ADVANCED_FACE('',(#149),#86,.T.);
#1587=ADVANCED_FACE('',(#150),#1441,.T.);
#1588=ADVANCED_FACE('',(#151,#113),#1442,.T.);
#1589=ADVANCED_FACE('',(#152),#1443,.T.);
#1590=ADVANCED_FACE('',(#153),#1444,.T.);
#1591=ADVANCED_FACE('',(#154),#87,.T.);
#1592=ADVANCED_FACE('',(#155),#88,.T.);
#1593=ADVANCED_FACE('',(#156),#1445,.T.);
#1594=ADVANCED_FACE('',(#157),#89,.T.);
#1595=ADVANCED_FACE('',(#158),#90,.T.);
#1596=ADVANCED_FACE('',(#159),#1446,.T.);
#1597=ADVANCED_FACE('',(#160),#1447,.T.);
#1598=ADVANCED_FACE('',(#161),#91,.T.);
#1599=ADVANCED_FACE('',(#162),#1448,.T.);
#1600=ADVANCED_FACE('',(#163),#1449,.F.);
#1601=ADVANCED_FACE('',(#164),#92,.T.);
#1602=ADVANCED_FACE('',(#165,#114),#1450,.T.);
#1603=ADVANCED_FACE('',(#166),#93,.T.);
#1604=ADVANCED_FACE('',(#167),#1451,.T.);
#1605=ADVANCED_FACE('',(#168),#1452,.F.);
#1606=ADVANCED_FACE('',(#169),#94,.T.);
#1607=ADVANCED_FACE('',(#170),#1453,.T.);
#1608=ADVANCED_FACE('',(#171),#1454,.T.);
#1609=ADVANCED_FACE('',(#172),#1455,.T.);
#1610=ADVANCED_FACE('',(#173),#95,.F.);
#1611=ADVANCED_FACE('',(#174),#1456,.T.);
#1612=ADVANCED_FACE('',(#175),#1457,.T.);
#1613=ADVANCED_FACE('',(#176),#1458,.T.);
#1614=ADVANCED_FACE('',(#177),#96,.F.);
#1615=ADVANCED_FACE('',(#178),#1459,.T.);
#1616=ADVANCED_FACE('',(#179),#1460,.T.);
#1617=ADVANCED_FACE('',(#180),#97,.T.);
#1618=ADVANCED_FACE('',(#181),#1461,.F.);
#1619=ADVANCED_FACE('',(#182),#98,.F.);
#1620=ADVANCED_FACE('',(#183),#99,.T.);
#1621=ADVANCED_FACE('',(#184),#100,.T.);
#1622=ADVANCED_FACE('',(#185),#101,.F.);
#1623=ADVANCED_FACE('',(#186),#102,.T.);
#1624=ADVANCED_FACE('',(#187),#1462,.F.);
#1625=ADVANCED_FACE('',(#188),#1463,.F.);
#1626=ADVANCED_FACE('',(#189),#103,.T.);
#1627=ADVANCED_FACE('',(#190),#1464,.T.);
#1628=ADVANCED_FACE('',(#191),#104,.T.);
#1629=ADVANCED_FACE('',(#192),#105,.T.);
#1630=ADVANCED_FACE('',(#193),#1465,.T.);
#1631=ADVANCED_FACE('',(#194),#106,.T.);
#1632=ADVANCED_FACE('',(#195),#13,.T.);
#1633=ADVANCED_FACE('',(#196),#1466,.F.);
#1634=ADVANCED_FACE('',(#197),#14,.T.);
#1635=ADVANCED_FACE('',(#198),#1467,.T.);
#1636=ADVANCED_FACE('',(#199),#107,.F.);
#1637=ADVANCED_FACE('',(#200),#108,.T.);
#1638=ADVANCED_FACE('',(#201,#115),#1468,.T.);
#1639=ADVANCED_FACE('',(#202,#116),#1469,.F.);
#1640=CLOSED_SHELL('',(#1554,#1555,#1556,#1557,#1558,#1559,#1560,#1561,
#1562,#1563,#1564,#1565,#1566,#1567,#1568,#1569,#1570,#1571,#1572,#1573,
#1574,#1575,#1576,#1577,#1578,#1579,#1580,#1581,#1582,#1583,#1584,#1585,
#1586,#1587,#1588,#1589,#1590,#1591,#1592,#1593,#1594,#1595,#1596,#1597,
#1598,#1599,#1600,#1601,#1602,#1603,#1604,#1605,#1606,#1607,#1608,#1609,
#1610,#1611,#1612,#1613,#1614,#1615,#1616,#1617,#1618,#1619,#1620,#1621,
#1622,#1623,#1624,#1625,#1626,#1627,#1628,#1629,#1630,#1631));
#1641=CLOSED_SHELL('',(#1632,#1633));
#1642=CLOSED_SHELL('',(#1634,#1635));
#1643=CLOSED_SHELL('',(#1636,#1637,#1638,#1639));
#1644=DERIVED_UNIT_ELEMENT(#1646,1.);
#1645=DERIVED_UNIT_ELEMENT(#2726,3.);
#1646=(
MASS_UNIT()
NAMED_UNIT(*)
SI_UNIT($,.GRAM.)
);
#1647=DERIVED_UNIT((#1644,#1645));
#1648=MEASURE_REPRESENTATION_ITEM('density measure',
POSITIVE_RATIO_MEASURE(1.),#1647);
#1649=PROPERTY_DEFINITION_REPRESENTATION(#1654,#1651);
#1650=PROPERTY_DEFINITION_REPRESENTATION(#1655,#1652);
#1651=REPRESENTATION('material name',(#1653),#2723);
#1652=REPRESENTATION('density',(#1648),#2723);
#1653=DESCRIPTIVE_REPRESENTATION_ITEM('Generic','Generic');
#1654=PROPERTY_DEFINITION('material property','material name',#2733);
#1655=PROPERTY_DEFINITION('material property','density of part',#2733);
#1656=DATE_TIME_ROLE('creation_date');
#1657=APPLIED_DATE_AND_TIME_ASSIGNMENT(#1658,#1656,(#2733));
#1658=DATE_AND_TIME(#1659,#1660);
#1659=CALENDAR_DATE(2025,5,10);
#1660=LOCAL_TIME(21,14,12.,#1661);
#1661=COORDINATED_UNIVERSAL_TIME_OFFSET(0,0,.BEHIND.);
#1662=AXIS2_PLACEMENT_3D('placement',#2268,#1812,#1813);
#1663=AXIS2_PLACEMENT_3D('',#2269,#1814,#1815);
#1664=AXIS2_PLACEMENT_3D('',#2278,#1820,#1821);
#1665=AXIS2_PLACEMENT_3D('',#2284,#1825,#1826);
#1666=AXIS2_PLACEMENT_3D('',#2290,#1830,#1831);
#1667=AXIS2_PLACEMENT_3D('',#2293,#1834,#1835);
#1668=AXIS2_PLACEMENT_3D('',#2302,#1840,#1841);
#1669=AXIS2_PLACEMENT_3D('',#2308,#1845,#1846);
#1670=AXIS2_PLACEMENT_3D('',#2314,#1850,#1851);
#1671=AXIS2_PLACEMENT_3D('',#2317,#1854,#1855);
#1672=AXIS2_PLACEMENT_3D('',#2326,#1860,#1861);
#1673=AXIS2_PLACEMENT_3D('',#2332,#1865,#1866);
#1674=AXIS2_PLACEMENT_3D('',#2338,#1870,#1871);
#1675=AXIS2_PLACEMENT_3D('',#2341,#1874,#1875);
#1676=AXIS2_PLACEMENT_3D('',#2350,#1880,#1881);
#1677=AXIS2_PLACEMENT_3D('',#2356,#1885,#1886);
#1678=AXIS2_PLACEMENT_3D('',#2362,#1890,#1891);
#1679=AXIS2_PLACEMENT_3D('',#2365,#1894,#1895);
#1680=AXIS2_PLACEMENT_3D('',#2366,#1896,#1897);
#1681=AXIS2_PLACEMENT_3D('',#2375,#1902,#1903);
#1682=AXIS2_PLACEMENT_3D('',#2376,#1904,#1905);
#1683=AXIS2_PLACEMENT_3D('',#2377,#1906,#1907);
#1684=AXIS2_PLACEMENT_3D('',#2383,#1911,#1912);
#1685=AXIS2_PLACEMENT_3D('',#2387,#1915,#1916);
#1686=AXIS2_PLACEMENT_3D('',#2391,#1919,#1920);
#1687=AXIS2_PLACEMENT_3D('',#2393,#1922,#1923);
#1688=AXIS2_PLACEMENT_3D('',#2394,#1924,#1925);
#1689=AXIS2_PLACEMENT_3D('',#2396,#1926,#1927);
#1690=AXIS2_PLACEMENT_3D('',#2399,#1929,#1930);
#1691=AXIS2_PLACEMENT_3D('',#2400,#1931,#1932);
#1692=AXIS2_PLACEMENT_3D('',#2401,#1933,#1934);
#1693=AXIS2_PLACEMENT_3D('',#2404,#1935,#1936);
#1694=AXIS2_PLACEMENT_3D('',#2408,#1938,#1939);
#1695=AXIS2_PLACEMENT_3D('',#2410,#1941,#1942);
#1696=AXIS2_PLACEMENT_3D('',#2412,#1943,#1944);
#1697=AXIS2_PLACEMENT_3D('',#2414,#1945,#1946);
#1698=AXIS2_PLACEMENT_3D('',#2416,#1947,#1948);
#1699=AXIS2_PLACEMENT_3D('',#2418,#1949,#1950);
#1700=AXIS2_PLACEMENT_3D('',#2421,#1952,#1953);
#1701=AXIS2_PLACEMENT_3D('',#2422,#1954,#1955);
#1702=AXIS2_PLACEMENT_3D('',#2424,#1956,#1957);
#1703=AXIS2_PLACEMENT_3D('',#2427,#1959,#1960);
#1704=AXIS2_PLACEMENT_3D('',#2428,#1961,#1962);
#1705=AXIS2_PLACEMENT_3D('',#2432,#1964,#1965);
#1706=AXIS2_PLACEMENT_3D('',#2437,#1968,#1969);
#1707=AXIS2_PLACEMENT_3D('',#2441,#1971,#1972);
#1708=AXIS2_PLACEMENT_3D('',#2443,#1974,#1975);
#1709=AXIS2_PLACEMENT_3D('',#2447,#1978,#1979);
#1710=AXIS2_PLACEMENT_3D('',#2449,#1980,#1981);
#1711=AXIS2_PLACEMENT_3D('',#2451,#1983,#1984);
#1712=AXIS2_PLACEMENT_3D('',#2453,#1986,#1987);
#1713=AXIS2_PLACEMENT_3D('',#2454,#1988,#1989);
#1714=AXIS2_PLACEMENT_3D('',#2458,#1991,#1992);
#1715=AXIS2_PLACEMENT_3D('',#2460,#1994,#1995);
#1716=AXIS2_PLACEMENT_3D('',#2464,#1997,#1998);
#1717=AXIS2_PLACEMENT_3D('',#2466,#2000,#2001);
#1718=AXIS2_PLACEMENT_3D('',#2469,#2002,#2003);
#1719=AXIS2_PLACEMENT_3D('',#2472,#2006,#2007);
#1720=AXIS2_PLACEMENT_3D('',#2475,#2008,#2009);
#1721=AXIS2_PLACEMENT_3D('',#2478,#2012,#2013);
#1722=AXIS2_PLACEMENT_3D('',#2482,#2016,#2017);
#1723=AXIS2_PLACEMENT_3D('',#2484,#2018,#2019);
#1724=AXIS2_PLACEMENT_3D('',#2486,#2021,#2022);
#1725=AXIS2_PLACEMENT_3D('',#2489,#2023,#2024);
#1726=AXIS2_PLACEMENT_3D('',#2492,#2027,#2028);
#1727=AXIS2_PLACEMENT_3D('',#2494,#2030,#2031);
#1728=AXIS2_PLACEMENT_3D('',#2498,#2033,#2034);
#1729=AXIS2_PLACEMENT_3D('',#2504,#2037,#2038);
#1730=AXIS2_PLACEMENT_3D('',#2510,#2041,#2042);
#1731=AXIS2_PLACEMENT_3D('',#2512,#2044,#2045);
#1732=AXIS2_PLACEMENT_3D('',#2516,#2047,#2048);
#1733=AXIS2_PLACEMENT_3D('',#2518,#2050,#2051);
#1734=AXIS2_PLACEMENT_3D('',#2522,#2054,#2055);
#1735=AXIS2_PLACEMENT_3D('',#2526,#2057,#2058);
#1736=AXIS2_PLACEMENT_3D('',#2530,#2060,#2061);
#1737=AXIS2_PLACEMENT_3D('',#2534,#2063,#2064);
#1738=AXIS2_PLACEMENT_3D('',#2540,#2067,#2068);
#1739=AXIS2_PLACEMENT_3D('',#2542,#2070,#2071);
#1740=AXIS2_PLACEMENT_3D('',#2545,#2074,#2075);
#1741=AXIS2_PLACEMENT_3D('',#2561,#2084,#2085);
#1742=AXIS2_PLACEMENT_3D('',#2563,#2086,#2087);
#1743=AXIS2_PLACEMENT_3D('',#2565,#2088,#2089);
#1744=AXIS2_PLACEMENT_3D('',#2567,#2091,#2092);
#1745=AXIS2_PLACEMENT_3D('',#2573,#2096,#2097);
#1746=AXIS2_PLACEMENT_3D('',#2575,#2098,#2099);
#1747=AXIS2_PLACEMENT_3D('',#2579,#2101,#2102);
#1748=AXIS2_PLACEMENT_3D('',#2583,#2104,#2105);
#1749=AXIS2_PLACEMENT_3D('',#2589,#2108,#2109);
#1750=AXIS2_PLACEMENT_3D('',#2591,#2111,#2112);
#1751=AXIS2_PLACEMENT_3D('',#2594,#2113,#2114);
#1752=AXIS2_PLACEMENT_3D('',#2597,#2117,#2118);
#1753=AXIS2_PLACEMENT_3D('',#2608,#2125,#2126);
#1754=AXIS2_PLACEMENT_3D('',#2610,#2128,#2129);
#1755=AXIS2_PLACEMENT_3D('',#2612,#2131,#2132);
#1756=AXIS2_PLACEMENT_3D('',#2614,#2134,#2135);
#1757=AXIS2_PLACEMENT_3D('',#2615,#2136,#2137);
#1758=AXIS2_PLACEMENT_3D('',#2619,#2140,#2141);
#1759=AXIS2_PLACEMENT_3D('',#2623,#2144,#2145);
#1760=AXIS2_PLACEMENT_3D('',#2625,#2146,#2147);
#1761=AXIS2_PLACEMENT_3D('',#2627,#2149,#2150);
#1762=AXIS2_PLACEMENT_3D('',#2629,#2152,#2153);
#1763=AXIS2_PLACEMENT_3D('',#2630,#2154,#2155);
#1764=AXIS2_PLACEMENT_3D('',#2632,#2156,#2157);
#1765=AXIS2_PLACEMENT_3D('',#2634,#2158,#2159);
#1766=AXIS2_PLACEMENT_3D('',#2636,#2161,#2162);
#1767=AXIS2_PLACEMENT_3D('',#2638,#2163,#2164);
#1768=AXIS2_PLACEMENT_3D('',#2640,#2165,#2166);
#1769=AXIS2_PLACEMENT_3D('',#2643,#2168,#2169);
#1770=AXIS2_PLACEMENT_3D('',#2645,#2170,#2171);
#1771=AXIS2_PLACEMENT_3D('',#2647,#2172,#2173);
#1772=AXIS2_PLACEMENT_3D('',#2649,#2174,#2175);
#1773=AXIS2_PLACEMENT_3D('',#2652,#2177,#2178);
#1774=AXIS2_PLACEMENT_3D('',#2653,#2179,#2180);
#1775=AXIS2_PLACEMENT_3D('',#2655,#2181,#2182);
#1776=AXIS2_PLACEMENT_3D('',#2657,#2184,#2185);
#1777=AXIS2_PLACEMENT_3D('',#2659,#2186,#2187);
#1778=AXIS2_PLACEMENT_3D('',#2661,#2189,#2190);
#1779=AXIS2_PLACEMENT_3D('',#2665,#2192,#2193);
#1780=AXIS2_PLACEMENT_3D('',#2667,#2195,#2196);
#1781=AXIS2_PLACEMENT_3D('',#2670,#2198,#2199);
#1782=AXIS2_PLACEMENT_3D('',#2671,#2200,#2201);
#1783=AXIS2_PLACEMENT_3D('',#2672,#2202,#2203);
#1784=AXIS2_PLACEMENT_3D('',#2673,#2204,#2205);
#1785=AXIS2_PLACEMENT_3D('',#2675,#2206,#2207);
#1786=AXIS2_PLACEMENT_3D('',#2677,#2209,#2210);
#1787=AXIS2_PLACEMENT_3D('',#2680,#2212,#2213);
#1788=AXIS2_PLACEMENT_3D('',#2681,#2214,#2215);
#1789=AXIS2_PLACEMENT_3D('',#2683,#2217,#2218);
#1790=AXIS2_PLACEMENT_3D('',#2685,#2220,#2221);
#1791=AXIS2_PLACEMENT_3D('',#2686,#2222,#2223);
#1792=AXIS2_PLACEMENT_3D('',#2688,#2225,#2226);
#1793=AXIS2_PLACEMENT_3D('',#2690,#2228,#2229);
#1794=AXIS2_PLACEMENT_3D('',#2691,#2230,#2231);
#1795=AXIS2_PLACEMENT_3D('',#2694,#2232,#2233);
#1796=AXIS2_PLACEMENT_3D('',#2695,#2234,#2235);
#1797=AXIS2_PLACEMENT_3D('',#2697,#2236,#2237);
#1798=AXIS2_PLACEMENT_3D('',#2698,#2238,#2239);
#1799=AXIS2_PLACEMENT_3D('',#2699,#2240,#2241);
#1800=AXIS2_PLACEMENT_3D('',#2702,#2242,#2243);
#1801=AXIS2_PLACEMENT_3D('',#2703,#2244,#2245);
#1802=AXIS2_PLACEMENT_3D('',#2705,#2246,#2247);
#1803=AXIS2_PLACEMENT_3D('',#2706,#2248,#2249);
#1804=AXIS2_PLACEMENT_3D('',#2707,#2250,#2251);
#1805=AXIS2_PLACEMENT_3D('',#2709,#2252,#2253);
#1806=AXIS2_PLACEMENT_3D('',#2712,#2255,#2256);
#1807=AXIS2_PLACEMENT_3D('',#2713,#2257,#2258);
#1808=AXIS2_PLACEMENT_3D('',#2715,#2259,#2260);
#1809=AXIS2_PLACEMENT_3D('',#2718,#2262,#2263);
#1810=AXIS2_PLACEMENT_3D('',#2719,#2264,#2265);
#1811=AXIS2_PLACEMENT_3D('',#2720,#2266,#2267);
#1812=DIRECTION('axis',(0.,0.,1.));
#1813=DIRECTION('refdir',(1.,0.,0.));
#1814=DIRECTION('center_axis',(1.,0.,0.));
#1815=DIRECTION('ref_axis',(0.,1.,0.));
#1816=DIRECTION('',(0.,1.,0.));
#1817=DIRECTION('',(0.,0.,1.));
#1818=DIRECTION('',(0.,-1.,0.));
#1819=DIRECTION('',(0.,0.,1.));
#1820=DIRECTION('center_axis',(7.16272919106952E-17,-1.,0.));
#1821=DIRECTION('ref_axis',(1.,7.16272919106952E-17,0.));
#1822=DIRECTION('',(1.,7.16272919106952E-17,0.));
#1823=DIRECTION('',(0.,0.,1.));
#1824=DIRECTION('',(-1.,-7.16272919106952E-17,0.));
#1825=DIRECTION('center_axis',(-1.,-7.24058494315257E-17,0.));
#1826=DIRECTION('ref_axis',(7.24058494315257E-17,-1.,0.));
#1827=DIRECTION('',(7.24058494315257E-17,-1.,0.));
#1828=DIRECTION('',(0.,0.,1.));
#1829=DIRECTION('',(-7.24058494315257E-17,1.,0.));
#1830=DIRECTION('center_axis',(-1.4325458382139E-16,1.,0.));
#1831=DIRECTION('ref_axis',(-1.,-1.4325458382139E-16,0.));
#1832=DIRECTION('',(-1.,-1.4325458382139E-16,0.));
#1833=DIRECTION('',(1.,1.4325458382139E-16,0.));
#1834=DIRECTION('center_axis',(1.,0.,0.));
#1835=DIRECTION('ref_axis',(0.,1.,0.));
#1836=DIRECTION('',(0.,1.,0.));
#1837=DIRECTION('',(0.,0.,1.));
#1838=DIRECTION('',(0.,-1.,0.));
#1839=DIRECTION('',(0.,0.,1.));
#1840=DIRECTION('center_axis',(0.,-1.,0.));
#1841=DIRECTION('ref_axis',(1.,0.,0.));
#1842=DIRECTION('',(1.,0.,0.));
#1843=DIRECTION('',(0.,0.,1.));
#1844=DIRECTION('',(-1.,0.,0.));
#1845=DIRECTION('center_axis',(-1.,-1.00929365874614E-16,0.));
#1846=DIRECTION('ref_axis',(1.00929365874614E-16,-1.,0.));
#1847=DIRECTION('',(1.00929365874614E-16,-1.,0.));
#1848=DIRECTION('',(0.,0.,1.));
#1849=DIRECTION('',(-1.00929365874614E-16,1.,0.));
#1850=DIRECTION('center_axis',(-7.16272919106952E-17,1.,0.));
#1851=DIRECTION('ref_axis',(-1.,-7.16272919106952E-17,0.));
#1852=DIRECTION('',(-1.,-7.16272919106952E-17,0.));
#1853=DIRECTION('',(1.,7.16272919106952E-17,0.));
#1854=DIRECTION('center_axis',(-1.,-1.11022302463485E-16,0.));
#1855=DIRECTION('ref_axis',(1.11022302463485E-16,-1.,0.));
#1856=DIRECTION('',(1.11022302463485E-16,-1.,0.));
#1857=DIRECTION('',(0.,0.,1.));
#1858=DIRECTION('',(-1.11022302463485E-16,1.,0.));
#1859=DIRECTION('',(0.,0.,1.));
#1860=DIRECTION('center_axis',(0.,1.,0.));
#1861=DIRECTION('ref_axis',(-1.,0.,0.));
#1862=DIRECTION('',(-1.,0.,0.));
#1863=DIRECTION('',(0.,0.,1.));
#1864=DIRECTION('',(1.,0.,0.));
#1865=DIRECTION('center_axis',(1.,0.,0.));
#1866=DIRECTION('ref_axis',(0.,1.,0.));
#1867=DIRECTION('',(0.,1.,0.));
#1868=DIRECTION('',(0.,0.,1.));
#1869=DIRECTION('',(0.,-1.,0.));
#1870=DIRECTION('center_axis',(0.,-1.,0.));
#1871=DIRECTION('ref_axis',(1.,0.,0.));
#1872=DIRECTION('',(1.,0.,0.));
#1873=DIRECTION('',(-1.,0.,0.));
#1874=DIRECTION('center_axis',(1.,0.,0.));
#1875=DIRECTION('ref_axis',(0.,1.,0.));
#1876=DIRECTION('',(0.,-1.,0.));
#1877=DIRECTION('',(0.,0.,1.));
#1878=DIRECTION('',(0.,1.,0.));
#1879=DIRECTION('',(0.,0.,1.));
#1880=DIRECTION('center_axis',(0.,-1.,0.));
#1881=DIRECTION('ref_axis',(1.,0.,0.));
#1882=DIRECTION('',(-1.,0.,0.));
#1883=DIRECTION('',(1.,0.,0.));
#1884=DIRECTION('',(0.,0.,1.));
#1885=DIRECTION('center_axis',(-1.,-1.61907524423717E-16,0.));
#1886=DIRECTION('ref_axis',(1.61907524423717E-16,-1.,0.));
#1887=DIRECTION('',(-1.61907524423717E-16,1.,0.));
#1888=DIRECTION('',(1.61907524423717E-16,-1.,0.));
#1889=DIRECTION('',(0.,0.,1.));
#1890=DIRECTION('center_axis',(-1.38777878077892E-16,1.,0.));
#1891=DIRECTION('ref_axis',(-1.,-1.38777878077892E-16,0.));
#1892=DIRECTION('',(1.,1.38777878077892E-16,0.));
#1893=DIRECTION('',(-1.,-1.38777878077892E-16,0.));
#1894=DIRECTION('center_axis',(0.,0.,1.));
#1895=DIRECTION('ref_axis',(1.,0.,0.));
#1896=DIRECTION('center_axis',(0.,0.,1.));
#1897=DIRECTION('ref_axis',(1.,0.,0.));
#1898=DIRECTION('',(1.,0.,0.));
#1899=DIRECTION('',(0.,1.,0.));
#1900=DIRECTION('',(-1.,-1.30614473485312E-16,0.));
#1901=DIRECTION('',(3.62957527281301E-16,-1.,0.));
#1902=DIRECTION('center_axis',(0.,0.,1.));
#1903=DIRECTION('ref_axis',(1.,0.,0.));
#1904=DIRECTION('center_axis',(0.,0.,1.));
#1905=DIRECTION('ref_axis',(1.,0.,0.));
#1906=DIRECTION('center_axis',(-1.,-3.62957527281301E-16,0.));
#1907=DIRECTION('ref_axis',(3.62957527281301E-16,-1.,0.));
#1908=DIRECTION('',(-3.62957527281301E-16,1.,0.));
#1909=DIRECTION('',(0.,0.,1.));
#1910=DIRECTION('',(0.,0.,1.));
#1911=DIRECTION('center_axis',(-1.30614473485312E-16,1.,0.));
#1912=DIRECTION('ref_axis',(-1.,-1.30614473485312E-16,0.));
#1913=DIRECTION('',(1.,1.30614473485312E-16,0.));
#1914=DIRECTION('',(0.,0.,1.));
#1915=DIRECTION('center_axis',(1.,0.,0.));
#1916=DIRECTION('ref_axis',(0.,1.,0.));
#1917=DIRECTION('',(0.,-1.,0.));
#1918=DIRECTION('',(0.,0.,1.));
#1919=DIRECTION('center_axis',(0.,-1.,0.));
#1920=DIRECTION('ref_axis',(1.,0.,0.));
#1921=DIRECTION('',(-1.,0.,0.));
#1922=DIRECTION('center_axis',(0.,0.,1.));
#1923=DIRECTION('ref_axis',(1.,0.,0.));
#1924=DIRECTION('center_axis',(0.,1.,-6.16297582203915E-32));
#1925=DIRECTION('ref_axis',(-1.,0.,-1.35770885349139E-49));
#1926=DIRECTION('center_axis',(-6.72795819178432E-17,1.,-5.96117479789645E-32));
#1927=DIRECTION('ref_axis',(-1.,-6.72795819178432E-17,4.01065348141656E-48));
#1928=DIRECTION('',(0.,-1.,6.16297582203915E-32));
#1929=DIRECTION('center_axis',(6.72795819178432E-17,-1.,5.96117479789645E-32));
#1930=DIRECTION('ref_axis',(-1.,0.,-1.35770885349139E-49));
#1931=DIRECTION('center_axis',(6.72795819178432E-17,-1.,0.));
#1932=DIRECTION('ref_axis',(0.,0.,-1.));
#1933=DIRECTION('center_axis',(0.,1.,0.));
#1934=DIRECTION('ref_axis',(-0.5,0.,0.866025403784439));
#1935=DIRECTION('center_axis',(0.,1.,0.));
#1936=DIRECTION('ref_axis',(-0.5,0.,0.866025403784439));
#1937=DIRECTION('',(0.,1.,0.));
#1938=DIRECTION('center_axis',(-6.72795819178432E-17,1.,-5.96117479789645E-32));
#1939=DIRECTION('ref_axis',(-0.5,0.,0.866025403784439));
#1940=DIRECTION('',(0.,-1.,0.));
#1941=DIRECTION('center_axis',(0.,1.,0.));
#1942=DIRECTION('ref_axis',(-1.,0.,-4.62592926927148E-16));
#1943=DIRECTION('center_axis',(0.,-1.,0.));
#1944=DIRECTION('ref_axis',(0.90905934288631,0.,-0.416666666666667));
#1945=DIRECTION('center_axis',(0.,-1.,0.));
#1946=DIRECTION('ref_axis',(0.90905934288631,0.,-0.416666666666667));
#1947=DIRECTION('center_axis',(0.,-1.,0.));
#1948=DIRECTION('ref_axis',(0.90905934288631,0.,-0.416666666666667));
#1949=DIRECTION('center_axis',(0.,-1.,0.));
#1950=DIRECTION('ref_axis',(0.90905934288631,0.,-0.416666666666667));
#1951=DIRECTION('',(0.,-1.,0.));
#1952=DIRECTION('center_axis',(0.,1.,0.));
#1953=DIRECTION('ref_axis',(0.90905934288631,0.,-0.416666666666667));
#1954=DIRECTION('center_axis',(0.,1.,0.));
#1955=DIRECTION('ref_axis',(-0.5,0.,-0.866025403784439));
#1956=DIRECTION('center_axis',(0.,1.,0.));
#1957=DIRECTION('ref_axis',(-0.5,0.,-0.866025403784439));
#1958=DIRECTION('',(0.,1.,0.));
#1959=DIRECTION('center_axis',(-6.72795819178432E-17,1.,-5.96117479789645E-32));
#1960=DIRECTION('ref_axis',(-0.5,0.,-0.866025403784439));
#1961=DIRECTION('center_axis',(0.,1.,0.));
#1962=DIRECTION('ref_axis',(0.,0.,1.));
#1963=DIRECTION('',(1.,0.,-3.5914578835621E-16));
#1964=DIRECTION('center_axis',(0.,-1.,0.));
#1965=DIRECTION('ref_axis',(-2.22044604925031E-16,0.,1.));
#1966=DIRECTION('',(-1.,0.,0.));
#1967=DIRECTION('',(1.,0.,0.));
#1968=DIRECTION('center_axis',(0.,1.,0.));
#1969=DIRECTION('ref_axis',(4.44089209850063E-15,0.,1.));
#1970=DIRECTION('',(4.44089209850063E-16,0.,-1.));
#1971=DIRECTION('center_axis',(0.,1.,0.));
#1972=DIRECTION('ref_axis',(1.,0.,2.22044604925032E-15));
#1973=DIRECTION('',(-1.,0.,0.));
#1974=DIRECTION('center_axis',(-3.5914578835621E-16,0.,-1.));
#1975=DIRECTION('ref_axis',(-1.,0.,3.5914578835621E-16));
#1976=DIRECTION('',(-1.,0.,3.5914578835621E-16));
#1977=DIRECTION('',(0.,1.,0.));
#1978=DIRECTION('center_axis',(0.,1.,0.));
#1979=DIRECTION('ref_axis',(-2.22044604925031E-16,0.,1.));
#1980=DIRECTION('center_axis',(0.,1.,0.));
#1981=DIRECTION('ref_axis',(-2.22044604925031E-16,0.,1.));
#1982=DIRECTION('',(0.,1.,0.));
#1983=DIRECTION('center_axis',(0.,0.,1.));
#1984=DIRECTION('ref_axis',(1.,0.,0.));
#1985=DIRECTION('',(1.,0.,0.));
#1986=DIRECTION('center_axis',(-6.72795819178432E-17,1.,-5.96117479789645E-32));
#1987=DIRECTION('ref_axis',(0.,5.96117479789645E-32,1.));
#1988=DIRECTION('center_axis',(0.,1.,0.));
#1989=DIRECTION('ref_axis',(0.,0.,1.));
#1990=DIRECTION('',(-2.22044604925031E-16,0.,1.));
#1991=DIRECTION('center_axis',(0.,1.,0.));
#1992=DIRECTION('ref_axis',(-1.,0.,-2.22044604925032E-15));
#1993=DIRECTION('',(1.,0.,0.));
#1994=DIRECTION('center_axis',(0.,1.,0.));
#1995=DIRECTION('ref_axis',(0.,0.,1.));
#1996=DIRECTION('',(-1.,0.,0.));
#1997=DIRECTION('center_axis',(0.,1.,0.));
#1998=DIRECTION('ref_axis',(-4.44089209850063E-15,0.,-1.));
#1999=DIRECTION('',(-2.22044604925031E-16,0.,1.));
#2000=DIRECTION('center_axis',(0.,1.,0.));
#2001=DIRECTION('ref_axis',(-4.44089209850063E-15,0.,-1.));
#2002=DIRECTION('center_axis',(0.,-1.,0.));
#2003=DIRECTION('ref_axis',(-4.44089209850063E-15,0.,-1.));
#2004=DIRECTION('',(0.,1.,0.));
#2005=DIRECTION('',(0.,1.,0.));
#2006=DIRECTION('center_axis',(0.,1.,0.));
#2007=DIRECTION('ref_axis',(1.,0.,2.22044604925032E-15));
#2008=DIRECTION('center_axis',(0.,-1.,0.));
#2009=DIRECTION('ref_axis',(1.,0.,2.22044604925032E-15));
#2010=DIRECTION('',(0.,1.,0.));
#2011=DIRECTION('',(0.,1.,0.));
#2012=DIRECTION('center_axis',(1.,0.,4.44089209850063E-16));
#2013=DIRECTION('ref_axis',(4.44089209850063E-16,0.,-1.));
#2014=DIRECTION('',(-4.44089209850063E-16,0.,1.));
#2015=DIRECTION('',(0.,1.,0.));
#2016=DIRECTION('center_axis',(0.,1.,0.));
#2017=DIRECTION('ref_axis',(4.44089209850063E-15,0.,1.));
#2018=DIRECTION('center_axis',(0.,-1.,0.));
#2019=DIRECTION('ref_axis',(4.44089209850063E-15,0.,1.));
#2020=DIRECTION('',(0.,1.,0.));
#2021=DIRECTION('center_axis',(0.,1.,0.));
#2022=DIRECTION('ref_axis',(-1.,0.,-2.22044604925032E-15));
#2023=DIRECTION('center_axis',(0.,-1.,0.));
#2024=DIRECTION('ref_axis',(-1.,0.,-2.22044604925032E-15));
#2025=DIRECTION('',(0.,1.,0.));
#2026=DIRECTION('',(0.,1.,0.));
#2027=DIRECTION('center_axis',(-1.,0.,-2.22044604925031E-16));
#2028=DIRECTION('ref_axis',(-2.22044604925031E-16,0.,1.));
#2029=DIRECTION('',(2.22044604925031E-16,0.,-1.));
#2030=DIRECTION('center_axis',(0.,1.,0.));
#2031=DIRECTION('ref_axis',(0.,0.,1.));
#2032=DIRECTION('',(-1.,0.,3.46944695195361E-16));
#2033=DIRECTION('center_axis',(0.,-1.,0.));
#2034=DIRECTION('ref_axis',(-0.707106781186548,0.,-0.707106781186547));
#2035=DIRECTION('',(4.44089209850063E-16,0.,1.));
#2036=DIRECTION('',(1.,0.,0.));
#2037=DIRECTION('center_axis',(0.,-1.,0.));
#2038=DIRECTION('ref_axis',(0.6,0.,-0.8));
#2039=DIRECTION('',(-1.,0.,7.93016446160826E-17));
#2040=DIRECTION('',(4.44089209850063E-16,0.,1.));
#2041=DIRECTION('center_axis',(0.,-1.,0.));
#2042=DIRECTION('ref_axis',(-0.707106781186547,0.,0.707106781186548));
#2043=DIRECTION('',(1.,0.,-3.46944695195361E-16));
#2044=DIRECTION('center_axis',(0.,1.,0.));
#2045=DIRECTION('ref_axis',(-0.707106781186548,0.,-0.707106781186547));
#2046=DIRECTION('',(0.,-1.,0.));
#2047=DIRECTION('center_axis',(0.,1.,0.));
#2048=DIRECTION('ref_axis',(-0.707106781186548,0.,-0.707106781186547));
#2049=DIRECTION('',(0.,1.,0.));
#2050=DIRECTION('center_axis',(-1.,0.,4.44089209850063E-16));
#2051=DIRECTION('ref_axis',(4.44089209850063E-16,0.,1.));
#2052=DIRECTION('',(4.44089209850063E-16,0.,1.));
#2053=DIRECTION('',(0.,1.,0.));
#2054=DIRECTION('center_axis',(0.,1.,0.));
#2055=DIRECTION('ref_axis',(0.,0.,1.));
#2056=DIRECTION('',(-1.,0.,3.46944695195361E-16));
#2057=DIRECTION('center_axis',(0.,1.,0.));
#2058=DIRECTION('ref_axis',(4.44089209850063E-15,0.,1.));
#2059=DIRECTION('',(-2.22044604925031E-16,0.,1.));
#2060=DIRECTION('center_axis',(0.,1.,0.));
#2061=DIRECTION('ref_axis',(1.,0.,1.11022302462516E-15));
#2062=DIRECTION('',(1.,0.,-3.46944695195361E-16));
#2063=DIRECTION('center_axis',(0.,1.,0.));
#2064=DIRECTION('ref_axis',(-0.707106781186547,0.,0.707106781186548));
#2065=DIRECTION('',(4.44089209850063E-16,0.,1.));
#2066=DIRECTION('',(-1.,0.,7.93016446160826E-17));
#2067=DIRECTION('center_axis',(0.,-1.,0.));
#2068=DIRECTION('ref_axis',(0.6,0.,-0.8));
#2069=DIRECTION('',(1.,0.,0.));
#2070=DIRECTION('center_axis',(0.,1.,0.));
#2071=DIRECTION('ref_axis',(-0.707106781186547,0.,0.707106781186548));
#2072=DIRECTION('',(0.,-1.,0.));
#2073=DIRECTION('',(0.,1.,0.));
#2074=DIRECTION('center_axis',(0.,0.,1.));
#2075=DIRECTION('ref_axis',(1.,0.,0.));
#2076=DIRECTION('',(0.,1.,0.));
#2077=DIRECTION('',(1.,0.,0.));
#2078=DIRECTION('',(0.,1.,0.));
#2079=DIRECTION('',(-1.,0.,0.));
#2080=DIRECTION('',(0.,1.,0.));
#2081=DIRECTION('',(1.,0.,-3.46944695195361E-16));
#2082=DIRECTION('',(0.,-1.,0.));
#2083=DIRECTION('',(1.,0.,-3.46944695195361E-16));
#2084=DIRECTION('center_axis',(0.,1.,0.));
#2085=DIRECTION('ref_axis',(0.707106781186547,0.,0.707106781186548));
#2086=DIRECTION('center_axis',(0.,-1.,0.));
#2087=DIRECTION('ref_axis',(0.707106781186547,0.,0.707106781186548));
#2088=DIRECTION('center_axis',(0.,1.,0.));
#2089=DIRECTION('ref_axis',(0.707106781186547,0.,0.707106781186548));
#2090=DIRECTION('',(0.,1.,0.));
#2091=DIRECTION('center_axis',(1.,0.,-4.44089209850063E-16));
#2092=DIRECTION('ref_axis',(-4.44089209850063E-16,0.,-1.));
#2093=DIRECTION('',(-4.44089209850063E-16,0.,-1.));
#2094=DIRECTION('',(0.,1.,0.));
#2095=DIRECTION('',(-4.44089209850063E-16,0.,-1.));
#2096=DIRECTION('center_axis',(0.,1.,0.));
#2097=DIRECTION('ref_axis',(0.,0.,1.));
#2098=DIRECTION('center_axis',(0.,1.,0.));
#2099=DIRECTION('ref_axis',(-4.44089209850063E-15,0.,-1.));
#2100=DIRECTION('',(2.22044604925031E-16,0.,-1.));
#2101=DIRECTION('center_axis',(0.,1.,0.));
#2102=DIRECTION('ref_axis',(-1.,0.,-2.22044604925032E-15));
#2103=DIRECTION('',(-1.,0.,3.46944695195361E-16));
#2104=DIRECTION('center_axis',(0.,1.,0.));
#2105=DIRECTION('ref_axis',(0.707106781186548,0.,-0.707106781186547));
#2106=DIRECTION('',(-4.44089209850063E-16,0.,-1.));
#2107=DIRECTION('',(1.,0.,-7.13714801544743E-16));
#2108=DIRECTION('center_axis',(0.,-1.,0.));
#2109=DIRECTION('ref_axis',(-0.6,0.,0.8));
#2110=DIRECTION('',(-1.,0.,6.34413156928661E-16));
#2111=DIRECTION('center_axis',(0.,1.,0.));
#2112=DIRECTION('ref_axis',(0.707106781186548,0.,-0.707106781186547));
#2113=DIRECTION('center_axis',(0.,-1.,0.));
#2114=DIRECTION('ref_axis',(0.707106781186548,0.,-0.707106781186547));
#2115=DIRECTION('',(0.,-1.,0.));
#2116=DIRECTION('',(0.,1.,0.));
#2117=DIRECTION('center_axis',(0.,0.,-1.));
#2118=DIRECTION('ref_axis',(-1.,0.,0.));
#2119=DIRECTION('',(-1.,0.,3.46944695195361E-16));
#2120=DIRECTION('',(0.,1.,0.));
#2121=DIRECTION('',(-1.,0.,0.));
#2122=DIRECTION('',(0.,1.,0.));
#2123=DIRECTION('',(1.,0.,0.));
#2124=DIRECTION('',(0.,1.,0.));
#2125=DIRECTION('center_axis',(-1.,0.,4.44089209850063E-16));
#2126=DIRECTION('ref_axis',(4.44089209850063E-16,0.,1.));
#2127=DIRECTION('',(0.,1.,0.));
#2128=DIRECTION('center_axis',(-7.93016446160826E-17,0.,-1.));
#2129=DIRECTION('ref_axis',(-1.,0.,7.93016446160826E-17));
#2130=DIRECTION('',(0.,1.,0.));
#2131=DIRECTION('center_axis',(0.,1.,0.));
#2132=DIRECTION('ref_axis',(0.6,0.,-0.8));
#2133=DIRECTION('',(0.,1.,0.));
#2134=DIRECTION('center_axis',(0.,0.,1.));
#2135=DIRECTION('ref_axis',(1.,0.,0.));
#2136=DIRECTION('center_axis',(1.,0.,-4.44089209850063E-16));
#2137=DIRECTION('ref_axis',(-4.44089209850063E-16,0.,-1.));
#2138=DIRECTION('',(-4.44089209850063E-16,0.,-1.));
#2139=DIRECTION('',(0.,1.,0.));
#2140=DIRECTION('center_axis',(7.13714801544743E-16,0.,1.));
#2141=DIRECTION('ref_axis',(1.,0.,-7.13714801544743E-16));
#2142=DIRECTION('',(1.,0.,-7.13714801544743E-16));
#2143=DIRECTION('',(0.,1.,0.));
#2144=DIRECTION('center_axis',(0.,1.,0.));
#2145=DIRECTION('ref_axis',(-0.6,0.,0.8));
#2146=DIRECTION('center_axis',(0.,-1.,0.));
#2147=DIRECTION('ref_axis',(-0.6,0.,0.8));
#2148=DIRECTION('',(0.,1.,0.));
#2149=DIRECTION('center_axis',(-6.34413156928661E-16,0.,-1.));
#2150=DIRECTION('ref_axis',(-1.,0.,6.34413156928661E-16));
#2151=DIRECTION('',(-1.,0.,6.34413156928661E-16));
#2152=DIRECTION('center_axis',(0.,1.,0.));
#2153=DIRECTION('ref_axis',(0.,0.,1.));
#2154=DIRECTION('center_axis',(0.,-1.,0.));
#2155=DIRECTION('ref_axis',(-0.80860754006264,0.,0.588348405414552));
#2156=DIRECTION('center_axis',(0.,1.,0.));
#2157=DIRECTION('ref_axis',(-0.80860754006264,0.,0.588348405414552));
#2158=DIRECTION('center_axis',(0.,1.,0.));
#2159=DIRECTION('ref_axis',(-0.80860754006264,0.,0.588348405414552));
#2160=DIRECTION('',(0.,-1.,0.));
#2161=DIRECTION('center_axis',(0.,1.,0.));
#2162=DIRECTION('ref_axis',(0.,0.,1.));
#2163=DIRECTION('center_axis',(0.,1.,0.));
#2164=DIRECTION('ref_axis',(-1.,0.,0.));
#2165=DIRECTION('center_axis',(0.,1.,0.));
#2166=DIRECTION('ref_axis',(-0.58834840541455,0.,0.808607540062642));
#2167=DIRECTION('',(2.22044604925031E-16,0.,-1.));
#2168=DIRECTION('center_axis',(0.,-1.,0.));
#2169=DIRECTION('ref_axis',(4.44089209850063E-15,0.,1.));
#2170=DIRECTION('center_axis',(0.,1.,0.));
#2171=DIRECTION('ref_axis',(0.80860754006264,0.,-0.588348405414552));
#2172=DIRECTION('center_axis',(0.,1.,0.));
#2173=DIRECTION('ref_axis',(-1.,0.,0.));
#2174=DIRECTION('center_axis',(0.,1.,0.));
#2175=DIRECTION('ref_axis',(0.58834840541455,0.,-0.808607540062642));
#2176=DIRECTION('',(-2.22044604925031E-16,0.,1.));
#2177=DIRECTION('center_axis',(0.,-1.,0.));
#2178=DIRECTION('ref_axis',(-4.44089209850063E-15,0.,-1.));
#2179=DIRECTION('center_axis',(0.,1.,0.));
#2180=DIRECTION('ref_axis',(0.707106781186548,0.,-0.707106781186547));
#2181=DIRECTION('center_axis',(0.,1.,0.));
#2182=DIRECTION('ref_axis',(-1.,0.,0.));
#2183=DIRECTION('',(0.,1.,0.));
#2184=DIRECTION('center_axis',(0.,1.,0.));
#2185=DIRECTION('ref_axis',(-0.58834840541455,0.,0.808607540062642));
#2186=DIRECTION('center_axis',(0.,1.,0.));
#2187=DIRECTION('ref_axis',(-0.58834840541455,0.,0.808607540062642));
#2188=DIRECTION('',(0.,-1.,0.));
#2189=DIRECTION('center_axis',(0.,1.,0.));
#2190=DIRECTION('ref_axis',(0.58834840541455,0.,-0.808607540062642));
#2191=DIRECTION('',(0.,1.,0.));
#2192=DIRECTION('center_axis',(0.,1.,0.));
#2193=DIRECTION('ref_axis',(0.58834840541455,0.,-0.808607540062642));
#2194=DIRECTION('',(0.,-1.,0.));
#2195=DIRECTION('center_axis',(0.,1.,0.));
#2196=DIRECTION('ref_axis',(-1.,0.,0.));
#2197=DIRECTION('',(0.,-1.,0.));
#2198=DIRECTION('center_axis',(0.,1.,0.));
#2199=DIRECTION('ref_axis',(-1.,0.,0.));
#2200=DIRECTION('center_axis',(0.,-1.,0.));
#2201=DIRECTION('ref_axis',(0.80860754006264,0.,-0.588348405414552));
#2202=DIRECTION('center_axis',(0.,1.,0.));
#2203=DIRECTION('ref_axis',(0.80860754006264,0.,-0.588348405414552));
#2204=DIRECTION('center_axis',(0.,1.,0.));
#2205=DIRECTION('ref_axis',(0.,0.,1.));
#2206=DIRECTION('center_axis',(0.,1.,0.));
#2207=DIRECTION('ref_axis',(1.,0.,1.11022302462516E-15));
#2208=DIRECTION('',(-2.22044604925031E-16,0.,1.));
#2209=DIRECTION('center_axis',(0.,1.,0.));
#2210=DIRECTION('ref_axis',(0.,0.,1.));
#2211=DIRECTION('',(2.22044604925031E-16,0.,-1.));
#2212=DIRECTION('center_axis',(0.,1.,0.));
#2213=DIRECTION('ref_axis',(-1.,0.,-2.22044604925032E-15));
#2214=DIRECTION('center_axis',(0.,1.,0.));
#2215=DIRECTION('ref_axis',(-1.,0.,-2.22044604925032E-15));
#2216=DIRECTION('',(0.,1.,0.));
#2217=DIRECTION('center_axis',(1.,0.,2.22044604925031E-16));
#2218=DIRECTION('ref_axis',(2.22044604925031E-16,0.,-1.));
#2219=DIRECTION('',(0.,1.,0.));
#2220=DIRECTION('center_axis',(0.,1.,0.));
#2221=DIRECTION('ref_axis',(-4.44089209850063E-15,0.,-1.));
#2222=DIRECTION('center_axis',(0.,1.,0.));
#2223=DIRECTION('ref_axis',(1.,0.,1.11022302462516E-15));
#2224=DIRECTION('',(0.,1.,0.));
#2225=DIRECTION('center_axis',(-1.,0.,-2.22044604925031E-16));
#2226=DIRECTION('ref_axis',(-2.22044604925031E-16,0.,1.));
#2227=DIRECTION('',(0.,1.,0.));
#2228=DIRECTION('center_axis',(0.,1.,0.));
#2229=DIRECTION('ref_axis',(4.44089209850063E-15,0.,1.));
#2230=DIRECTION('center_axis',(0.,1.,0.));
#2231=DIRECTION('ref_axis',(0.,0.,-1.));
#2232=DIRECTION('center_axis',(1.22464679914735E-16,1.,0.));
#2233=DIRECTION('ref_axis',(2.22044604925032E-15,-2.71926214689379E-31,
1.));
#2234=DIRECTION('center_axis',(1.22464679914735E-16,1.,0.));
#2235=DIRECTION('ref_axis',(2.22044604925032E-15,-2.71926214689379E-31,
1.));
#2236=DIRECTION('center_axis',(1.,0.,0.));
#2237=DIRECTION('ref_axis',(0.,0.,1.));
#2238=DIRECTION('center_axis',(0.,-1.,0.));
#2239=DIRECTION('ref_axis',(0.,0.,-1.));
#2240=DIRECTION('center_axis',(0.,1.,0.));
#2241=DIRECTION('ref_axis',(0.,0.,-1.));
#2242=DIRECTION('center_axis',(1.22464679914735E-16,1.,0.));
#2243=DIRECTION('ref_axis',(0.,0.,-1.));
#2244=DIRECTION('center_axis',(1.22464679914735E-16,1.,0.));
#2245=DIRECTION('ref_axis',(0.,0.,-1.));
#2246=DIRECTION('center_axis',(1.,0.,0.));
#2247=DIRECTION('ref_axis',(0.,0.,1.));
#2248=DIRECTION('center_axis',(0.,1.,0.));
#2249=DIRECTION('ref_axis',(0.,0.,1.));
#2250=DIRECTION('center_axis',(0.,1.,-6.16297582203915E-32));
#2251=DIRECTION('ref_axis',(-1.,0.,-1.35770885349139E-49));
#2252=DIRECTION('center_axis',(-5.55111512312578E-17,1.,-5.89027628659028E-32));
#2253=DIRECTION('ref_axis',(-1.,0.,-1.35770885349139E-49));
#2254=DIRECTION('',(0.,1.,-6.16297582203915E-32));
#2255=DIRECTION('center_axis',(5.55111512312578E-17,-1.,5.89027628659028E-32));
#2256=DIRECTION('ref_axis',(-1.,0.,-1.35770885349139E-49));
#2257=DIRECTION('center_axis',(0.,1.,-6.16297582203915E-32));
#2258=DIRECTION('ref_axis',(-1.,0.,-1.35770885349139E-49));
#2259=DIRECTION('center_axis',(-6.72795819178432E-17,1.,-5.96117479789645E-32));
#2260=DIRECTION('ref_axis',(-1.,-6.72795819178432E-17,4.01065348141656E-48));
#2261=DIRECTION('',(0.,-1.,6.16297582203915E-32));
#2262=DIRECTION('center_axis',(6.72795819178432E-17,-1.,5.96117479789645E-32));
#2263=DIRECTION('ref_axis',(-1.,-6.72795819178432E-17,4.01065348141656E-48));
#2264=DIRECTION('center_axis',(5.55111512312578E-17,-1.,5.89027628659028E-32));
#2265=DIRECTION('ref_axis',(0.,-5.89027628659028E-32,-1.));
#2266=DIRECTION('center_axis',(5.55111512312578E-17,-1.,5.89027628659028E-32));
#2267=DIRECTION('ref_axis',(0.,-5.89027628659028E-32,-1.));
#2268=CARTESIAN_POINT('',(0.,0.,0.));
#2269=CARTESIAN_POINT('Origin',(7.75000000007923,9.24999999997817,6.025));
#2270=CARTESIAN_POINT('',(7.75000000007923,9.24999999997817,6.025));
#2271=CARTESIAN_POINT('',(7.75000000007923,15.0000000000218,6.025));
#2272=CARTESIAN_POINT('',(7.75000000007923,9.24999999998909,6.025));
#2273=CARTESIAN_POINT('',(7.75000000007923,9.24999999997817,6.05));
#2274=CARTESIAN_POINT('',(7.75000000007923,9.24999999997817,6.025));
#2275=CARTESIAN_POINT('',(7.75000000007923,15.0000000000218,6.05));
#2276=CARTESIAN_POINT('',(7.75000000007923,9.24999999999636,6.05));
#2277=CARTESIAN_POINT('',(7.75000000007923,15.0000000000218,6.025));
#2278=CARTESIAN_POINT('Origin',(-7.75000000005174,9.24999999997817,6.025));
#2279=CARTESIAN_POINT('',(-7.75000000005174,9.24999999997817,6.025));
#2280=CARTESIAN_POINT('',(-3.87500000002587,9.24999999997817,6.025));
#2281=CARTESIAN_POINT('',(-7.75000000005174,9.24999999997817,6.05));
#2282=CARTESIAN_POINT('',(-7.75000000005174,9.24999999997817,6.025));
#2283=CARTESIAN_POINT('',(-3.875000000019,9.24999999997817,6.05));
#2284=CARTESIAN_POINT('Origin',(-7.75000000005174,15.0000000000218,6.025));
#2285=CARTESIAN_POINT('',(-7.75000000005174,15.0000000000218,6.025));
#2286=CARTESIAN_POINT('',(-7.75000000005174,12.1250000000109,6.025));
#2287=CARTESIAN_POINT('',(-7.75000000005174,15.0000000000218,6.05));
#2288=CARTESIAN_POINT('',(-7.75000000005174,15.0000000000218,6.025));
#2289=CARTESIAN_POINT('',(-7.75000000005174,12.1250000000182,6.05));
#2290=CARTESIAN_POINT('Origin',(7.75000000007923,15.0000000000218,6.025));
#2291=CARTESIAN_POINT('',(3.87500000003961,15.0000000000218,6.025));
#2292=CARTESIAN_POINT('',(3.87500000004648,15.0000000000218,6.05));
#2293=CARTESIAN_POINT('Origin',(7.75000000007923,6.24999999994543,6.025));
#2294=CARTESIAN_POINT('',(7.75000000007923,6.24999999994543,6.025));
#2295=CARTESIAN_POINT('',(7.75000000007923,8.99999999995634,6.025));
#2296=CARTESIAN_POINT('',(7.75000000007923,7.74999999997272,6.025));
#2297=CARTESIAN_POINT('',(7.75000000007923,6.24999999994543,6.05));
#2298=CARTESIAN_POINT('',(7.75000000007923,6.24999999994543,6.025));
#2299=CARTESIAN_POINT('',(7.75000000007923,8.99999999995634,6.05));
#2300=CARTESIAN_POINT('',(7.75000000007923,7.74999999997999,6.05));
#2301=CARTESIAN_POINT('',(7.75000000007923,8.99999999995634,6.025));
#2302=CARTESIAN_POINT('Origin',(-7.75000000005174,6.24999999994543,6.025));
#2303=CARTESIAN_POINT('',(-7.75000000005174,6.24999999994543,6.025));
#2304=CARTESIAN_POINT('',(-3.87500000002587,6.24999999994543,6.025));
#2305=CARTESIAN_POINT('',(-7.75000000005174,6.24999999994543,6.05));
#2306=CARTESIAN_POINT('',(-7.75000000005174,6.24999999994543,6.025));
#2307=CARTESIAN_POINT('',(-3.875000000019,6.24999999994543,6.05));
#2308=CARTESIAN_POINT('Origin',(-7.75000000005174,8.99999999995634,6.025));
#2309=CARTESIAN_POINT('',(-7.75000000005174,8.99999999995634,6.025));
#2310=CARTESIAN_POINT('',(-7.75000000005174,9.12499999997817,6.025));
#2311=CARTESIAN_POINT('',(-7.75000000005174,8.99999999995634,6.05));
#2312=CARTESIAN_POINT('',(-7.75000000005174,8.99999999995634,6.025));
#2313=CARTESIAN_POINT('',(-7.75000000005174,9.12499999998545,6.05));
#2314=CARTESIAN_POINT('Origin',(7.75000000007923,8.99999999995634,6.025));
#2315=CARTESIAN_POINT('',(3.87500000003961,8.99999999995634,6.025));
#2316=CARTESIAN_POINT('',(3.87500000004648,8.99999999995634,6.05));
#2317=CARTESIAN_POINT('Origin',(-7.75000000005174,5.99999999991268,6.025));
#2318=CARTESIAN_POINT('',(-7.75000000005174,5.99999999991268,6.025));
#2319=CARTESIAN_POINT('',(-7.75000000005174,3.49999999993452,6.025));
#2320=CARTESIAN_POINT('',(-7.75000000005174,7.62499999995634,6.025));
#2321=CARTESIAN_POINT('',(-7.75000000005174,5.99999999991268,6.05));
#2322=CARTESIAN_POINT('',(-7.75000000005174,5.99999999991268,6.025));
#2323=CARTESIAN_POINT('',(-7.75000000005174,3.49999999993452,6.05));
#2324=CARTESIAN_POINT('',(-7.75000000005174,7.62499999996362,6.05));
#2325=CARTESIAN_POINT('',(-7.75000000005174,3.49999999993452,6.025));
#2326=CARTESIAN_POINT('Origin',(7.75000000007923,5.99999999991268,6.025));
#2327=CARTESIAN_POINT('',(7.75000000007923,5.99999999991268,6.025));
#2328=CARTESIAN_POINT('',(3.87500000003961,5.99999999991268,6.025));
#2329=CARTESIAN_POINT('',(7.75000000007923,5.99999999991268,6.05));
#2330=CARTESIAN_POINT('',(7.75000000007923,5.99999999991268,6.025));
#2331=CARTESIAN_POINT('',(3.87500000004648,5.99999999991268,6.05));
#2332=CARTESIAN_POINT('Origin',(7.75000000007923,3.49999999993452,6.025));
#2333=CARTESIAN_POINT('',(7.75000000007923,3.49999999993452,6.025));
#2334=CARTESIAN_POINT('',(7.75000000007923,6.37499999996726,6.025));
#2335=CARTESIAN_POINT('',(7.75000000007923,3.49999999993452,6.05));
#2336=CARTESIAN_POINT('',(7.75000000007923,3.49999999993452,6.025));
#2337=CARTESIAN_POINT('',(7.75000000007923,6.37499999997454,6.05));
#2338=CARTESIAN_POINT('Origin',(-7.75000000005174,3.49999999993452,6.025));
#2339=CARTESIAN_POINT('',(-3.87500000002587,3.49999999993452,6.025));
#2340=CARTESIAN_POINT('',(-3.875000000019,3.49999999993452,6.05));
#2341=CARTESIAN_POINT('Origin',(8.0000000000283,3.24999999998545,6.025));
#2342=CARTESIAN_POINT('',(8.0000000000283,15.2500000000437,6.025));
#2343=CARTESIAN_POINT('',(8.0000000000283,3.24999999998545,6.025));
#2344=CARTESIAN_POINT('',(8.0000000000283,6.24999999999273,6.025));
#2345=CARTESIAN_POINT('',(8.00000000002829,15.2500000000437,6.05));
#2346=CARTESIAN_POINT('',(8.0000000000283,15.2500000000437,6.025));
#2347=CARTESIAN_POINT('',(8.00000000002829,3.24999999998545,6.05));
#2348=CARTESIAN_POINT('',(8.0000000000283,15.2500000000437,6.05));
#2349=CARTESIAN_POINT('',(8.0000000000283,3.24999999998545,6.025));
#2350=CARTESIAN_POINT('Origin',(-8.00000000000081,3.24999999998545,6.025));
#2351=CARTESIAN_POINT('',(-8.00000000000081,3.24999999998545,6.025));
#2352=CARTESIAN_POINT('',(-4.00000000000041,3.24999999998545,6.025));
#2353=CARTESIAN_POINT('',(-8.00000000000081,3.24999999998545,6.05));
#2354=CARTESIAN_POINT('',(8.0000000000283,3.24999999998545,6.05));
#2355=CARTESIAN_POINT('',(-8.00000000000081,3.24999999998545,6.025));
#2356=CARTESIAN_POINT('Origin',(-8.00000000000081,15.2500000000437,6.025));
#2357=CARTESIAN_POINT('',(-8.00000000000081,15.2500000000437,6.025));
#2358=CARTESIAN_POINT('',(-8.00000000000081,12.2500000000218,6.025));
#2359=CARTESIAN_POINT('',(-8.00000000000081,15.2500000000437,6.05));
#2360=CARTESIAN_POINT('',(-8.00000000000081,3.24999999998545,6.05));
#2361=CARTESIAN_POINT('',(-8.00000000000081,15.2500000000437,6.025));
#2362=CARTESIAN_POINT('Origin',(8.00000000002829,15.2500000000437,6.025));
#2363=CARTESIAN_POINT('',(4.00000000001415,15.2500000000437,6.025));
#2364=CARTESIAN_POINT('',(-8.00000000000081,15.2500000000437,6.05));
#2365=CARTESIAN_POINT('Origin',(1.37423405988102E-11,9.25000000001455,6.05));
#2366=CARTESIAN_POINT('Origin',(0.,9.25,6.025));
#2367=CARTESIAN_POINT('',(-8.5,2.75,6.025));
#2368=CARTESIAN_POINT('',(8.5,2.75,6.025));
#2369=CARTESIAN_POINT('',(-8.5,2.75,6.025));
#2370=CARTESIAN_POINT('',(8.5,15.75,6.025));
#2371=CARTESIAN_POINT('',(8.5,2.75,6.025));
#2372=CARTESIAN_POINT('',(-8.50000000000001,15.75,6.025));
#2373=CARTESIAN_POINT('',(8.5,15.75,6.025));
#2374=CARTESIAN_POINT('',(-8.50000000000001,15.75,6.025));
#2375=CARTESIAN_POINT('Origin',(0.,9.25,6.025));
#2376=CARTESIAN_POINT('Origin',(0.,9.25,6.025));
#2377=CARTESIAN_POINT('Origin',(-8.50000000000001,15.75,6.));
#2378=CARTESIAN_POINT('',(-8.5,2.75,6.));
#2379=CARTESIAN_POINT('',(-8.50000000000001,15.75,6.));
#2380=CARTESIAN_POINT('',(-8.5,7.875,6.));
#2381=CARTESIAN_POINT('',(-8.5,2.75,6.));
#2382=CARTESIAN_POINT('',(-8.50000000000001,15.75,6.));
#2383=CARTESIAN_POINT('Origin',(8.5,15.75,6.));
#2384=CARTESIAN_POINT('',(8.5,15.75,6.));
#2385=CARTESIAN_POINT('',(-1.,15.75,6.));
#2386=CARTESIAN_POINT('',(8.5,15.75,6.));
#2387=CARTESIAN_POINT('Origin',(8.5,2.75,6.));
#2388=CARTESIAN_POINT('',(8.5,2.75,6.));
#2389=CARTESIAN_POINT('',(8.5,1.375,6.));
#2390=CARTESIAN_POINT('',(8.5,2.75,6.));
#2391=CARTESIAN_POINT('Origin',(-8.5,2.75,6.));
#2392=CARTESIAN_POINT('',(-9.5,2.75,6.));
#2393=CARTESIAN_POINT('Origin',(0.,9.25,6.025));
#2394=CARTESIAN_POINT('Origin',(-5.5,27.,2.3008551031757E-16));
#2395=CARTESIAN_POINT('',(-5.,30.5,1.68853170360203E-16));
#2396=CARTESIAN_POINT('Origin',(-5.5,30.5,2.3008551031757E-16));
#2397=CARTESIAN_POINT('',(-5.,27.,1.68853170360203E-16));
#2398=CARTESIAN_POINT('',(-5.,27.,1.68853170360203E-16));
#2399=CARTESIAN_POINT('Origin',(-5.5,27.,2.3008551031757E-16));
#2400=CARTESIAN_POINT('Origin',(-5.5,30.5,2.19047947133846E-16));
#2401=CARTESIAN_POINT('Origin',(0.56217782649107,23.,-3.5));
#2402=CARTESIAN_POINT('',(-0.303847577293368,23.,-3.));
#2403=CARTESIAN_POINT('',(0.562177826491071,23.,-2.5));
#2404=CARTESIAN_POINT('Origin',(0.56217782649107,23.,-3.5));
#2405=CARTESIAN_POINT('',(-0.303847577293368,27.,-3.));
#2406=CARTESIAN_POINT('',(-0.303847577293367,23.,-3.));
#2407=CARTESIAN_POINT('',(0.562177826491071,27.,-2.5));
#2408=CARTESIAN_POINT('Origin',(0.56217782649107,27.,-3.5));
#2409=CARTESIAN_POINT('',(0.562177826491071,23.,-2.5));
#2410=CARTESIAN_POINT('Origin',(-5.5,23.,2.3008551031757E-16));
#2411=CARTESIAN_POINT('',(-5.5,23.,-6.));
#2412=CARTESIAN_POINT('Origin',(-5.5,23.,2.3008551031757E-16));
#2413=CARTESIAN_POINT('',(-11.5,23.,-1.15769327046388E-15));
#2414=CARTESIAN_POINT('Origin',(-5.5,23.,2.3008551031757E-16));
#2415=CARTESIAN_POINT('',(-5.5,23.,6.));
#2416=CARTESIAN_POINT('Origin',(-5.5,23.,2.3008551031757E-16));
#2417=CARTESIAN_POINT('',(-0.303847577293368,23.,3.));
#2418=CARTESIAN_POINT('Origin',(-5.5,23.,2.3008551031757E-16));
#2419=CARTESIAN_POINT('',(-0.303847577293368,27.,3.));
#2420=CARTESIAN_POINT('',(-0.303847577293367,23.,3.));
#2421=CARTESIAN_POINT('Origin',(-5.5,27.,2.3008551031757E-16));
#2422=CARTESIAN_POINT('Origin',(0.56217782649107,23.,3.5));
#2423=CARTESIAN_POINT('',(0.56217782649107,23.,2.5));
#2424=CARTESIAN_POINT('Origin',(0.56217782649107,23.,3.5));
#2425=CARTESIAN_POINT('',(0.56217782649107,27.,2.5));
#2426=CARTESIAN_POINT('',(0.56217782649107,23.,2.5));
#2427=CARTESIAN_POINT('Origin',(0.56217782649107,27.,3.5));
#2428=CARTESIAN_POINT('Origin',(-3.12036220406413E-16,23.,-4.6805433060962E-17));
#2429=CARTESIAN_POINT('',(1.5,23.,-2.5));
#2430=CARTESIAN_POINT('',(0.75,23.,-2.5));
#2431=CARTESIAN_POINT('',(1.5,23.,2.5));
#2432=CARTESIAN_POINT('Origin',(1.5,23.,0.));
#2433=CARTESIAN_POINT('',(-0.0228219713410712,23.,2.5));
#2434=CARTESIAN_POINT('',(10.5,23.,6.));
#2435=CARTESIAN_POINT('',(-10.5,23.,6.));
#2436=CARTESIAN_POINT('',(11.5,23.,5.));
#2437=CARTESIAN_POINT('Origin',(10.5,23.,5.));
#2438=CARTESIAN_POINT('',(11.5,23.,-5.));
#2439=CARTESIAN_POINT('',(11.5,23.,5.));
#2440=CARTESIAN_POINT('',(10.5,23.,-6.));
#2441=CARTESIAN_POINT('Origin',(10.5,23.,-5.));
#2442=CARTESIAN_POINT('',(10.5,23.,-6.));
#2443=CARTESIAN_POINT('Origin',(1.5,23.,-2.5));
#2444=CARTESIAN_POINT('',(1.5,27.,-2.5));
#2445=CARTESIAN_POINT('',(1.5,27.,-2.5));
#2446=CARTESIAN_POINT('',(1.5,23.,-2.5));
#2447=CARTESIAN_POINT('Origin',(1.5,23.,0.));
#2448=CARTESIAN_POINT('',(1.5,27.,2.5));
#2449=CARTESIAN_POINT('Origin',(1.5,27.,0.));
#2450=CARTESIAN_POINT('',(1.5,23.,2.5));
#2451=CARTESIAN_POINT('Origin',(-0.045643942682142,23.,2.5));
#2452=CARTESIAN_POINT('',(-0.045643942682142,27.,2.5));
#2453=CARTESIAN_POINT('Origin',(-4.08157746010731,27.,6.14121651816329E-16));
#2454=CARTESIAN_POINT('Origin',(-3.12036220406413E-16,23.,-4.6805433060962E-17));
#2455=CARTESIAN_POINT('',(-11.5,23.,5.));
#2456=CARTESIAN_POINT('',(-11.5,23.,-5.));
#2457=CARTESIAN_POINT('',(-10.5,23.,6.));
#2458=CARTESIAN_POINT('Origin',(-10.5,23.,5.));
#2459=CARTESIAN_POINT('',(-10.5,23.,6.));
#2460=CARTESIAN_POINT('Origin',(-3.12036220406413E-16,23.,-4.6805433060962E-17));
#2461=CARTESIAN_POINT('',(-10.5,23.,-6.));
#2462=CARTESIAN_POINT('',(10.5,23.,-6.));
#2463=CARTESIAN_POINT('',(-11.5,23.,-5.));
#2464=CARTESIAN_POINT('Origin',(-10.5,23.,-5.));
#2465=CARTESIAN_POINT('',(-11.5,23.,-5.));
#2466=CARTESIAN_POINT('Origin',(-10.5,19.5,-5.));
#2467=CARTESIAN_POINT('',(-11.5,19.5,-5.));
#2468=CARTESIAN_POINT('',(-10.5,19.5,-6.));
#2469=CARTESIAN_POINT('Origin',(-10.5,19.5,-5.));
#2470=CARTESIAN_POINT('',(-11.5,19.5,-5.));
#2471=CARTESIAN_POINT('',(-10.5,19.5,-6.));
#2472=CARTESIAN_POINT('Origin',(10.5,19.5,-5.));
#2473=CARTESIAN_POINT('',(10.5,19.5,-6.));
#2474=CARTESIAN_POINT('',(11.5,19.5,-5.));
#2475=CARTESIAN_POINT('Origin',(10.5,19.5,-5.));
#2476=CARTESIAN_POINT('',(10.5,19.5,-6.));
#2477=CARTESIAN_POINT('',(11.5,19.5,-5.));
#2478=CARTESIAN_POINT('Origin',(11.5,19.5,5.));
#2479=CARTESIAN_POINT('',(11.5,19.5,5.));
#2480=CARTESIAN_POINT('',(11.5,19.5,2.5));
#2481=CARTESIAN_POINT('',(11.5,19.5,5.));
#2482=CARTESIAN_POINT('Origin',(10.5,19.5,5.));
#2483=CARTESIAN_POINT('',(10.5,19.5,6.));
#2484=CARTESIAN_POINT('Origin',(10.5,19.5,5.));
#2485=CARTESIAN_POINT('',(10.5,19.5,6.));
#2486=CARTESIAN_POINT('Origin',(-10.5,19.5,5.));
#2487=CARTESIAN_POINT('',(-10.5,19.5,6.));
#2488=CARTESIAN_POINT('',(-11.5,19.5,5.));
#2489=CARTESIAN_POINT('Origin',(-10.5,19.5,5.));
#2490=CARTESIAN_POINT('',(-10.5,19.5,6.));
#2491=CARTESIAN_POINT('',(-11.5,19.5,5.));
#2492=CARTESIAN_POINT('Origin',(-11.5,19.5,-5.));
#2493=CARTESIAN_POINT('',(-11.5,19.5,-2.5));
#2494=CARTESIAN_POINT('Origin',(-7.93786152135592E-16,19.5,3.35402599493912E-16));
#2495=CARTESIAN_POINT('',(-15.,19.5,-6.));
#2496=CARTESIAN_POINT('',(16.,19.5,-6.00000000000001));
#2497=CARTESIAN_POINT('',(-16.,19.5,-5.));
#2498=CARTESIAN_POINT('Origin',(-15.,19.5,-5.));
#2499=CARTESIAN_POINT('',(-16.,19.5,-0.999999999999994));
#2500=CARTESIAN_POINT('',(-16.,19.5,-6.));
#2501=CARTESIAN_POINT('',(-14.25,19.5,-0.999999999999994));
#2502=CARTESIAN_POINT('',(-16.,19.5,-0.999999999999994));
#2503=CARTESIAN_POINT('',(-14.25,19.5,1.00000000000001));
#2504=CARTESIAN_POINT('Origin',(-13.5,19.5,5.55111512312578E-15));
#2505=CARTESIAN_POINT('',(-16.,19.5,1.00000000000001));
#2506=CARTESIAN_POINT('',(-14.25,19.5,1.00000000000001));
#2507=CARTESIAN_POINT('',(-16.,19.5,5.));
#2508=CARTESIAN_POINT('',(-16.,19.5,1.00000000000001));
#2509=CARTESIAN_POINT('',(-15.,19.5,6.00000000000001));
#2510=CARTESIAN_POINT('Origin',(-15.,19.5,5.));
#2511=CARTESIAN_POINT('',(-16.,19.5,6.00000000000001));
#2512=CARTESIAN_POINT('Origin',(-15.,8.5,-5.));
#2513=CARTESIAN_POINT('',(-15.,17.,-6.));
#2514=CARTESIAN_POINT('',(-15.,8.5,-6.));
#2515=CARTESIAN_POINT('',(-16.,17.,-5.));
#2516=CARTESIAN_POINT('Origin',(-15.,17.,-5.));
#2517=CARTESIAN_POINT('',(-16.,8.5,-5.));
#2518=CARTESIAN_POINT('Origin',(-16.,17.,-6.));
#2519=CARTESIAN_POINT('',(-16.,17.,-0.999999999999994));
#2520=CARTESIAN_POINT('',(-16.,17.,-6.));
#2521=CARTESIAN_POINT('',(-16.,17.,-0.999999999999994));
#2522=CARTESIAN_POINT('Origin',(-7.93786152135592E-16,17.,3.35402599493912E-16));
#2523=CARTESIAN_POINT('',(-10.5,17.,-6.));
#2524=CARTESIAN_POINT('',(16.,17.,-6.00000000000001));
#2525=CARTESIAN_POINT('',(-11.5,17.,-5.));
#2526=CARTESIAN_POINT('Origin',(-10.5,17.,-5.));
#2527=CARTESIAN_POINT('',(-11.5,17.,5.));
#2528=CARTESIAN_POINT('',(-11.5,17.,5.));
#2529=CARTESIAN_POINT('',(-10.5,17.,6.));
#2530=CARTESIAN_POINT('Origin',(-10.5,17.,5.));
#2531=CARTESIAN_POINT('',(-15.,17.,6.00000000000001));
#2532=CARTESIAN_POINT('',(-16.,17.,6.00000000000001));
#2533=CARTESIAN_POINT('',(-16.,17.,5.));
#2534=CARTESIAN_POINT('Origin',(-15.,17.,5.));
#2535=CARTESIAN_POINT('',(-16.,17.,1.00000000000001));
#2536=CARTESIAN_POINT('',(-16.,17.,1.00000000000001));
#2537=CARTESIAN_POINT('',(-14.25,17.,1.00000000000001));
#2538=CARTESIAN_POINT('',(-14.25,17.,1.00000000000001));
#2539=CARTESIAN_POINT('',(-14.25,17.,-0.999999999999994));
#2540=CARTESIAN_POINT('Origin',(-13.5,17.,5.55111512312578E-15));
#2541=CARTESIAN_POINT('',(-16.,17.,-0.999999999999994));
#2542=CARTESIAN_POINT('Origin',(-15.,8.5,5.));
#2543=CARTESIAN_POINT('',(-16.,8.5,5.));
#2544=CARTESIAN_POINT('',(-15.,8.5,6.));
#2545=CARTESIAN_POINT('Origin',(-10.5,0.,6.));
#2546=CARTESIAN_POINT('',(-10.5,1.5,6.));
#2547=CARTESIAN_POINT('',(-10.5,0.,6.));
#2548=CARTESIAN_POINT('',(-8.95383539039338,1.5,6.));
#2549=CARTESIAN_POINT('',(-10.5,1.5,6.));
#2550=CARTESIAN_POINT('',(-8.95383539039338,0.,6.));
#2551=CARTESIAN_POINT('',(-8.95383539039338,0.,6.));
#2552=CARTESIAN_POINT('',(10.5,0.,6.));
#2553=CARTESIAN_POINT('',(10.5,0.,6.));
#2554=CARTESIAN_POINT('',(10.5,17.,6.));
#2555=CARTESIAN_POINT('',(10.5,0.,6.));
#2556=CARTESIAN_POINT('',(15.,17.,6.));
#2557=CARTESIAN_POINT('',(-16.,17.,6.00000000000001));
#2558=CARTESIAN_POINT('',(15.,19.5,6.));
#2559=CARTESIAN_POINT('',(15.,8.5,6.));
#2560=CARTESIAN_POINT('',(-16.,19.5,6.00000000000001));
#2561=CARTESIAN_POINT('Origin',(15.,8.5,5.));
#2562=CARTESIAN_POINT('',(16.,19.5,5.));
#2563=CARTESIAN_POINT('Origin',(15.,19.5,5.));
#2564=CARTESIAN_POINT('',(16.,17.,5.));
#2565=CARTESIAN_POINT('Origin',(15.,17.,5.));
#2566=CARTESIAN_POINT('',(16.,8.5,5.));
#2567=CARTESIAN_POINT('Origin',(16.,17.,6.));
#2568=CARTESIAN_POINT('',(16.,17.,0.999999999999994));
#2569=CARTESIAN_POINT('',(16.,17.,6.));
#2570=CARTESIAN_POINT('',(16.,19.5,0.999999999999994));
#2571=CARTESIAN_POINT('',(16.,17.,0.999999999999994));
#2572=CARTESIAN_POINT('',(16.,19.5,6.));
#2573=CARTESIAN_POINT('Origin',(-7.93786152135592E-16,17.,3.35402599493912E-16));
#2574=CARTESIAN_POINT('',(11.5,17.,5.));
#2575=CARTESIAN_POINT('Origin',(10.5,17.,5.));
#2576=CARTESIAN_POINT('',(11.5,17.,-5.));
#2577=CARTESIAN_POINT('',(11.5,17.,-5.));
#2578=CARTESIAN_POINT('',(10.5,17.,-6.));
#2579=CARTESIAN_POINT('Origin',(10.5,17.,-5.));
#2580=CARTESIAN_POINT('',(15.,17.,-6.00000000000001));
#2581=CARTESIAN_POINT('',(16.,17.,-6.00000000000001));
#2582=CARTESIAN_POINT('',(16.,17.,-5.));
#2583=CARTESIAN_POINT('Origin',(15.,17.,-5.));
#2584=CARTESIAN_POINT('',(16.,17.,-1.00000000000001));
#2585=CARTESIAN_POINT('',(16.,17.,-1.00000000000001));
#2586=CARTESIAN_POINT('',(14.25,17.,-1.00000000000001));
#2587=CARTESIAN_POINT('',(14.25,17.,-1.00000000000001));
#2588=CARTESIAN_POINT('',(14.25,17.,0.999999999999995));
#2589=CARTESIAN_POINT('Origin',(13.5,17.,-4.44089209850063E-15));
#2590=CARTESIAN_POINT('',(16.,17.,0.999999999999994));
#2591=CARTESIAN_POINT('Origin',(15.,8.5,-5.));
#2592=CARTESIAN_POINT('',(15.,19.5,-6.00000000000001));
#2593=CARTESIAN_POINT('',(16.,19.5,-5.));
#2594=CARTESIAN_POINT('Origin',(15.,19.5,-5.));
#2595=CARTESIAN_POINT('',(16.,8.5,-5.));
#2596=CARTESIAN_POINT('',(15.,8.5,-6.));
#2597=CARTESIAN_POINT('Origin',(10.5,0.,-6.));
#2598=CARTESIAN_POINT('',(16.,19.5,-6.00000000000001));
#2599=CARTESIAN_POINT('',(10.5,1.5,-6.));
#2600=CARTESIAN_POINT('',(10.5,0.,-6.));
#2601=CARTESIAN_POINT('',(8.95383539039338,1.5,-6.));
#2602=CARTESIAN_POINT('',(10.5,1.5,-6.));
#2603=CARTESIAN_POINT('',(8.95383539039338,0.,-6.));
#2604=CARTESIAN_POINT('',(8.95383539039338,0.,-6.));
#2605=CARTESIAN_POINT('',(-10.5,0.,-6.));
#2606=CARTESIAN_POINT('',(-10.5,0.,-6.));
#2607=CARTESIAN_POINT('',(-10.5,0.,-6.));
#2608=CARTESIAN_POINT('Origin',(-16.,17.,1.00000000000001));
#2609=CARTESIAN_POINT('',(-16.,17.,1.00000000000001));
#2610=CARTESIAN_POINT('Origin',(-14.25,17.,1.00000000000001));
#2611=CARTESIAN_POINT('',(-14.25,17.,1.00000000000001));
#2612=CARTESIAN_POINT('Origin',(-13.5,17.,5.55111512312578E-15));
#2613=CARTESIAN_POINT('',(-14.25,17.,-0.999999999999994));
#2614=CARTESIAN_POINT('Origin',(-16.,17.,-0.999999999999994));
#2615=CARTESIAN_POINT('Origin',(16.,17.,-1.00000000000001));
#2616=CARTESIAN_POINT('',(16.,19.5,-1.00000000000001));
#2617=CARTESIAN_POINT('',(16.,19.5,-1.00000000000001));
#2618=CARTESIAN_POINT('',(16.,17.,-1.00000000000001));
#2619=CARTESIAN_POINT('Origin',(14.25,17.,-1.00000000000001));
#2620=CARTESIAN_POINT('',(14.25,19.5,-1.00000000000001));
#2621=CARTESIAN_POINT('',(14.25,19.5,-1.00000000000001));
#2622=CARTESIAN_POINT('',(14.25,17.,-1.00000000000001));
#2623=CARTESIAN_POINT('Origin',(13.5,17.,-4.44089209850063E-15));
#2624=CARTESIAN_POINT('',(14.25,19.5,0.999999999999995));
#2625=CARTESIAN_POINT('Origin',(13.5,19.5,-4.44089209850063E-15));
#2626=CARTESIAN_POINT('',(14.25,17.,0.999999999999995));
#2627=CARTESIAN_POINT('Origin',(16.,17.,0.999999999999994));
#2628=CARTESIAN_POINT('',(16.,19.5,0.999999999999994));
#2629=CARTESIAN_POINT('Origin',(-7.93786152135592E-16,19.5,3.35402599493912E-16));
#2630=CARTESIAN_POINT('Origin',(-8.95383539039338,0.,5.5));
#2631=CARTESIAN_POINT('',(-9.42957834719542,0.,5.34615384615385));
#2632=CARTESIAN_POINT('Origin',(-8.95383539039338,0.,5.5));
#2633=CARTESIAN_POINT('',(-9.42957834719542,1.5,5.34615384615385));
#2634=CARTESIAN_POINT('Origin',(-8.95383539039338,1.5,5.5));
#2635=CARTESIAN_POINT('',(-9.42957834719542,0.,5.34615384615385));
#2636=CARTESIAN_POINT('Origin',(-5.92868818772185E-16,0.,-1.56018110203207E-17));
#2637=CARTESIAN_POINT('',(-10.8461538461538,0.,3.92957834719542));
#2638=CARTESIAN_POINT('Origin',(-10.5,0.,5.));
#2639=CARTESIAN_POINT('',(-11.5,0.,3.45383539039338));
#2640=CARTESIAN_POINT('Origin',(-11.,0.,3.45383539039338));
#2641=CARTESIAN_POINT('',(-11.5,0.,-5.));
#2642=CARTESIAN_POINT('',(-11.5,0.,5.));
#2643=CARTESIAN_POINT('Origin',(-10.5,0.,-5.));
#2644=CARTESIAN_POINT('',(9.42957834719542,0.,-5.34615384615385));
#2645=CARTESIAN_POINT('Origin',(8.95383539039338,0.,-5.5));
#2646=CARTESIAN_POINT('',(10.8461538461538,0.,-3.92957834719542));
#2647=CARTESIAN_POINT('Origin',(10.5,0.,-5.));
#2648=CARTESIAN_POINT('',(11.5,0.,-3.45383539039338));
#2649=CARTESIAN_POINT('Origin',(11.,0.,-3.45383539039338));
#2650=CARTESIAN_POINT('',(11.5,0.,5.));
#2651=CARTESIAN_POINT('',(11.5,0.,-5.));
#2652=CARTESIAN_POINT('Origin',(10.5,0.,5.));
#2653=CARTESIAN_POINT('Origin',(-10.5,0.,5.));
#2654=CARTESIAN_POINT('',(-10.8461538461538,1.5,3.92957834719542));
#2655=CARTESIAN_POINT('Origin',(-10.5,1.5,5.));
#2656=CARTESIAN_POINT('',(-10.8461538461538,0.,3.92957834719542));
#2657=CARTESIAN_POINT('Origin',(-11.,0.,3.45383539039338));
#2658=CARTESIAN_POINT('',(-11.5,1.5,3.45383539039338));
#2659=CARTESIAN_POINT('Origin',(-11.,1.5,3.45383539039338));
#2660=CARTESIAN_POINT('',(-11.5,0.,3.45383539039338));
#2661=CARTESIAN_POINT('Origin',(11.,0.,-3.45383539039338));
#2662=CARTESIAN_POINT('',(10.8461538461538,1.5,-3.92957834719542));
#2663=CARTESIAN_POINT('',(10.8461538461538,0.,-3.92957834719542));
#2664=CARTESIAN_POINT('',(11.5,1.5,-3.45383539039338));
#2665=CARTESIAN_POINT('Origin',(11.,1.5,-3.45383539039338));
#2666=CARTESIAN_POINT('',(11.5,0.,-3.45383539039338));
#2667=CARTESIAN_POINT('Origin',(10.5,0.,-5.));
#2668=CARTESIAN_POINT('',(9.42957834719542,1.5,-5.34615384615385));
#2669=CARTESIAN_POINT('',(9.42957834719542,0.,-5.34615384615385));
#2670=CARTESIAN_POINT('Origin',(10.5,1.5,-5.));
#2671=CARTESIAN_POINT('Origin',(8.95383539039338,0.,-5.5));
#2672=CARTESIAN_POINT('Origin',(8.95383539039338,1.5,-5.5));
#2673=CARTESIAN_POINT('Origin',(-10.5,1.5,5.));
#2674=CARTESIAN_POINT('',(-11.5,1.5,5.));
#2675=CARTESIAN_POINT('Origin',(-10.5,1.5,5.));
#2676=CARTESIAN_POINT('',(-11.5,1.5,9.99200722162641E-16));
#2677=CARTESIAN_POINT('Origin',(10.5,1.5,-5.));
#2678=CARTESIAN_POINT('',(11.5,1.5,-5.));
#2679=CARTESIAN_POINT('',(11.5,1.5,-9.99200722162641E-16));
#2680=CARTESIAN_POINT('Origin',(10.5,1.5,-5.));
#2681=CARTESIAN_POINT('Origin',(10.5,0.,-5.));
#2682=CARTESIAN_POINT('',(11.5,0.,-5.));
#2683=CARTESIAN_POINT('Origin',(11.5,0.,5.));
#2684=CARTESIAN_POINT('',(11.5,0.,5.));
#2685=CARTESIAN_POINT('Origin',(10.5,0.,5.));
#2686=CARTESIAN_POINT('Origin',(-10.5,0.,5.));
#2687=CARTESIAN_POINT('',(-11.5,0.,5.));
#2688=CARTESIAN_POINT('Origin',(-11.5,0.,-5.));
#2689=CARTESIAN_POINT('',(-11.5,0.,-5.));
#2690=CARTESIAN_POINT('Origin',(-10.5,0.,-5.));
#2691=CARTESIAN_POINT('Origin',(10.5,1.5,-5.));
#2692=CARTESIAN_POINT('',(10.5,1.5,-6.));
#2693=CARTESIAN_POINT('',(10.5,1.5,-4.));
#2694=CARTESIAN_POINT('Origin',(10.5,1.5,-5.));
#2695=CARTESIAN_POINT('Origin',(10.5,1.5,-5.));
#2696=CARTESIAN_POINT('',(10.5,0.499999999999999,-5.));
#2697=CARTESIAN_POINT('Origin',(10.5,1.5,-5.));
#2698=CARTESIAN_POINT('Origin',(10.1556164145474,1.5,-5.));
#2699=CARTESIAN_POINT('Origin',(-10.5,1.5,5.));
#2700=CARTESIAN_POINT('',(-10.5,1.5,4.));
#2701=CARTESIAN_POINT('',(-10.5,1.5,6.));
#2702=CARTESIAN_POINT('Origin',(-10.5,1.5,5.));
#2703=CARTESIAN_POINT('Origin',(-10.5,1.5,5.));
#2704=CARTESIAN_POINT('',(-10.5,0.499999999999999,5.));
#2705=CARTESIAN_POINT('Origin',(-10.5,1.5,5.));
#2706=CARTESIAN_POINT('Origin',(-10.8443835854526,1.5,5.));
#2707=CARTESIAN_POINT('Origin',(-5.5,27.,2.3008551031757E-16));
#2708=CARTESIAN_POINT('',(-5.,27.,1.68853170360203E-16));
#2709=CARTESIAN_POINT('Origin',(-5.5,27.,2.3008551031757E-16));
#2710=CARTESIAN_POINT('',(-5.,30.5,1.68853170360203E-16));
#2711=CARTESIAN_POINT('',(-5.,27.,1.68853170360203E-16));
#2712=CARTESIAN_POINT('Origin',(-5.5,30.5,2.3008551031757E-16));
#2713=CARTESIAN_POINT('Origin',(-5.5,27.,2.3008551031757E-16));
#2714=CARTESIAN_POINT('',(-3.,30.5,-7.60761894692681E-17));
#2715=CARTESIAN_POINT('Origin',(-5.5,30.5,2.3008551031757E-16));
#2716=CARTESIAN_POINT('',(-3.,27.,-7.60761894692679E-17));
#2717=CARTESIAN_POINT('',(-3.,27.,-7.60761894692679E-17));
#2718=CARTESIAN_POINT('Origin',(-5.5,27.,2.3008551031757E-16));
#2719=CARTESIAN_POINT('Origin',(-5.5,27.,2.46514402170145E-16));
#2720=CARTESIAN_POINT('Origin',(-5.5,30.5,2.46514402170145E-16));
#2721=UNCERTAINTY_MEASURE_WITH_UNIT(LENGTH_MEASURE(0.01),#2725,
'DISTANCE_ACCURACY_VALUE',
'Maximum model space distance between geometric entities at asserted c
onnectivities');
#2722=UNCERTAINTY_MEASURE_WITH_UNIT(LENGTH_MEASURE(0.01),#2725,
'DISTANCE_ACCURACY_VALUE',
'Maximum model space distance between geometric entities at asserted c
onnectivities');
#2723=(
GEOMETRIC_REPRESENTATION_CONTEXT(3)
GLOBAL_UNCERTAINTY_ASSIGNED_CONTEXT((#2721))
GLOBAL_UNIT_ASSIGNED_CONTEXT((#2725,#2728,#2727))
REPRESENTATION_CONTEXT('','3D')
);
#2724=(
GEOMETRIC_REPRESENTATION_CONTEXT(3)
GLOBAL_UNCERTAINTY_ASSIGNED_CONTEXT((#2722))
GLOBAL_UNIT_ASSIGNED_CONTEXT((#2725,#2728,#2727))
REPRESENTATION_CONTEXT('','3D')
);
#2725=(
LENGTH_UNIT()
NAMED_UNIT(*)
SI_UNIT(.MILLI.,.METRE.)
);
#2726=(
LENGTH_UNIT()
NAMED_UNIT(*)
SI_UNIT(.CENTI.,.METRE.)
);
#2727=(
NAMED_UNIT(*)
SI_UNIT($,.STERADIAN.)
SOLID_ANGLE_UNIT()
);
#2728=(
NAMED_UNIT(*)
PLANE_ANGLE_UNIT()
SI_UNIT($,.RADIAN.)
);
#2729=SHAPE_DEFINITION_REPRESENTATION(#2730,#2731);
#2730=PRODUCT_DEFINITION_SHAPE('',$,#2733);
#2731=SHAPE_REPRESENTATION('',(#1662),#2723);
#2732=PRODUCT_DEFINITION_CONTEXT('part definition',#2737,'design');
#2733=PRODUCT_DEFINITION('Part1_sG90','Part1_sG90',#2734,#2732);
#2734=PRODUCT_DEFINITION_FORMATION('',$,#2739);
#2735=PRODUCT_RELATED_PRODUCT_CATEGORY('Part1_sG90','Part1_sG90',(#2739));
#2736=APPLICATION_PROTOCOL_DEFINITION('international standard',
'automotive_design',2009,#2737);
#2737=APPLICATION_CONTEXT(
'Core Data for Automotive Mechanical Design Process');
#2738=PRODUCT_CONTEXT('part definition',#2737,'mechanical');
#2739=PRODUCT('Part1_sG90','Part1_sG90',$,(#2738));
#2740=PRESENTATION_STYLE_ASSIGNMENT((#2745));
#2741=PRESENTATION_STYLE_ASSIGNMENT((#2746));
#2742=PRESENTATION_STYLE_ASSIGNMENT((#2747));
#2743=PRESENTATION_STYLE_ASSIGNMENT((#2748));
#2744=PRESENTATION_STYLE_ASSIGNMENT((#2749));
#2745=SURFACE_STYLE_USAGE(.BOTH.,#2750);
#2746=SURFACE_STYLE_USAGE(.BOTH.,#2751);
#2747=SURFACE_STYLE_USAGE(.BOTH.,#2752);
#2748=SURFACE_STYLE_USAGE(.BOTH.,#2753);
#2749=SURFACE_STYLE_USAGE(.BOTH.,#2754);
#2750=SURFACE_SIDE_STYLE('',(#2755));
#2751=SURFACE_SIDE_STYLE('',(#2756));
#2752=SURFACE_SIDE_STYLE('',(#2757));
#2753=SURFACE_SIDE_STYLE('',(#2758));
#2754=SURFACE_SIDE_STYLE('',(#2759));
#2755=SURFACE_STYLE_FILL_AREA(#2760);
#2756=SURFACE_STYLE_FILL_AREA(#2761);
#2757=SURFACE_STYLE_FILL_AREA(#2762);
#2758=SURFACE_STYLE_FILL_AREA(#2763);
#2759=SURFACE_STYLE_FILL_AREA(#2764);
#2760=FILL_AREA_STYLE('',(#2765));
#2761=FILL_AREA_STYLE('',(#2766));
#2762=FILL_AREA_STYLE('',(#2767));
#2763=FILL_AREA_STYLE('',(#2768));
#2764=FILL_AREA_STYLE('',(#2769));
#2765=FILL_AREA_STYLE_COLOUR('',#2770);
#2766=FILL_AREA_STYLE_COLOUR('',#2771);
#2767=FILL_AREA_STYLE_COLOUR('',#2772);
#2768=FILL_AREA_STYLE_COLOUR('',#2773);
#2769=FILL_AREA_STYLE_COLOUR('',#2774);
#2770=COLOUR_RGB('',0.749019607843137,0.749019607843137,0.749019607843137);
#2771=COLOUR_RGB('',0.231372549019608,1.,0.);
#2772=COLOUR_RGB('',0.,0.,0.);
#2773=COLOUR_RGB('',0.,0.133333333333333,1.);
#2774=COLOUR_RGB('',0.984313725490196,0.984313725490196,0.984313725490196);
ENDSEC;
END-ISO-10303-21;
